13252,41393,1392430200,0
13252,57344,1390272526,-1
13252,39607,1392430200,0
13252,41557,1392430200,0
13252,39543,1392430200,1
13252,46021,1392430200,0
13252,39643,1392430200,0
13252,46200,1392430200,0
13252,39580,1390616875,0
13252,46233,1392430200,0
13252,39623,1392430200,0
13252,52089,1392430200,0
13252,39650,1390616875,0
13252,39583,1390616875,0
13252,52089,1390616875,0
13255,43137,1392411353,-1
13255,39670,1392411353,0
13255,39619,1392411353,0
13255,45543,1392411353,0
13255,39471,1392411353,0
13255,39456,1392411353,0
13255,43951,1392411353,1
13255,46128,1392411353,-1
13255,42730,1392411353,0
13255,42673,1392411353,0
13255,52271,1392411353,0
13255,39686,1392411353,-1
13255,39616,1392411353,0
13255,39630,1392411353,0
13255,42667,1392411353,0
13255,46046,1392411353,0
13255,42676,1392411353,0
13255,39500,1392411353,0
13255,45228,1392411353,-1
13255,52089,1392411353,0
13256,46747,1392377487,1
13256,41605,1392377487,0
13256,43000,1392377487,-1
13256,46194,1392377487,1
13256,37742,1392377487,-1
13256,46247,1392377487,1
13256,42758,1392377487,0
13256,41621,1392377487,0
13256,41395,1392377487,-1
13256,46986,1392377487,0
13256,47004,1392377487,0
13256,39553,1392377487,0
13256,46145,1392377487,0
13256,39823,1392377487,0
13256,42680,1392377487,0
13256,41833,1392377487,0
13256,41145,1392377487,0
13256,46062,1392377487,0
13256,45647,1392377487,-1
13256,46119,1392377487,-1
13263,41264,1392363288,-1
13263,37747,1392363288,-1
13263,43972,1392363288,-1
13263,46289,1392363288,-1
13265,41424,1392282758,-1
13266,39785,1392246648,1
13266,39785,1392249610,-1
13267,44445,1392200625,1
13269,40148,1392113102,0
13269,40213,1392113102,1
13269,46153,1392113102,1
13269,46054,1392113102,0
13270,43951,1392101381,1
13272,39487,1392022713,0
13273,45995,1392008349,1
13273,52271,1392008349,1
13273,42964,1392008349,1
13273,42984,1392008349,1
13273,42732,1392008349,1
13273,42723,1392008349,0
13275,45973,1391646841,-1
13275,45973,1391818092,-1
13276,39375,1391810380,0
13276,45974,1391810380,0
13276,41557,1391810380,0
13276,41519,1391810380,0
13276,39467,1391810380,0
13276,46747,1391810380,0
13276,39543,1391810380,1
13276,45949,1391810380,-1
13276,39508,1391810380,0
13276,39407,1391810380,0
13276,46194,1391810380,0
13276,39658,1391810380,0
13276,42963,1391810380,0
13276,45261,1391810380,0
13276,39149,1391810380,0
13276,39466,1391810380,0
13276,37747,1391810380,1
13276,39187,1391810380,0
13276,41510,1391810380,0
13276,41824,1391810380,0
13277,42758,1391735964,0
13277,42757,1391735964,1
13277,42770,1391735964,0
13278,42770,1391729786,0
13278,42955,1391729786,1
13280,47190,1391674658,1
13287,44483,1391555308,0
13288,42866,1391540511,0
13288,44484,1391540511,0
13290,52337,1391535618,0
13292,39646,1391493190,0
13292,46042,1391493190,0
13292,37863,1391493190,0
13292,39487,1391493190,0
13292,44540,1391493190,1
13292,42622,1391493190,0
13292,46296,1391493190,-1
13292,46141,1391493190,1
13292,39583,1391493190,0
13292,39465,1391493190,0
13292,43008,1391493190,-1
13292,46048,1391493190,0
13292,39460,1391493190,0
13292,39600,1391493190,0
13292,41673,1391493190,0
13292,39596,1391493190,0
13292,52120,1391493190,0
13292,39643,1391493190,0
13292,39467,1391493190,0
13292,41628,1391493190,0
13293,44484,1391474464,1
13295,42865,1391458579,1
13296,46247,1391431645,0
13297,37747,1391410934,0
13300,39467,1391198564,0
13300,41393,1391198564,0
13300,45641,1391198564,1
13300,39479,1391198564,0
13300,46296,1391198564,-1
13300,39466,1391198564,0
13300,45203,1391198564,1
13300,39659,1391198564,0
13300,40148,1391198564,0
13300,42622,1391198564,0
13300,39652,1391198564,0
13300,46153,1391198564,1
13300,46204,1391198564,0
13300,46054,1391198564,0
13300,57439,1391198564,-1
13300,45943,1391198564,1
13300,46066,1391198564,0
13300,37747,1391198564,1
13300,39627,1391198564,0
13300,39455,1391198564,0
13302,46211,1391168404,0
13305,56810,1391145770,1
13306,41145,1391144983,0
13307,46289,1391133595,-1
13307,46286,1391133595,-1
13307,41658,1391133595,1
13309,44469,1391086898,1
13310,46078,1391083501,1
13310,47004,1391083501,0
13311,46120,1391082062,0
13312,41453,1391079558,1
13312,39512,1391079558,0
13312,41562,1391079558,0
13312,39478,1391079558,0
13312,41557,1391079558,0
13312,39642,1391079558,0
13312,39645,1391079558,0
13312,46283,1391079558,0
13312,46039,1391079558,0
13312,46054,1391079558,0
13312,46285,1391079558,0
13312,39627,1391079558,0
13312,46211,1391079558,0
13312,41852,1391079558,0
13312,39505,1391079558,0
13312,41513,1391079558,0
13312,39580,1391079558,0
13312,41389,1391079558,0
13312,39550,1391079558,0
13312,46198,1391079558,0
13313,46073,1391068560,0
13313,39652,1391068560,0
13313,39653,1391068560,0
13313,39625,1391068560,0
13313,39506,1391068560,0
13313,39686,1391068560,-1
13313,46233,1391068560,1
13313,39622,1391068560,0
13313,46034,1391068560,0
13313,46243,1391068560,0
13313,39612,1391068560,0
13313,39658,1391068560,0
13313,46066,1391068560,0
13313,42622,1391068560,0
13313,39634,1391068560,0
13313,45202,1391068560,0
13313,39630,1391068560,0
13313,39552,1391068560,0
13313,41389,1391068560,0
13313,39468,1391068560,0
13315,46021,1391047331,0
13315,46285,1391047331,0
13315,39453,1391047331,0
13315,45590,1391047331,0
13315,39635,1391047331,0
13315,39466,1391047331,0
13315,45950,1391047331,0
13315,41360,1391047331,0
13315,37916,1391047331,0
13315,46038,1391047331,0
13315,37990,1391047331,0
13315,39614,1391047331,0
13315,46072,1391047331,1
13315,39629,1391047331,0
13315,39633,1391047331,0
13315,41395,1391047331,0
13315,46046,1391047331,0
13315,43126,1391047331,0
13315,43951,1391047331,1
13315,39486,1391047331,0
13317,39512,1391025027,0
13317,39529,1391025027,0
13319,42622,1390971983,0
13319,39463,1390971983,0
13319,45590,1390971983,0
13319,39492,1390971983,0
13319,46243,1390971983,0
13319,45243,1390971983,0
13319,44454,1390971983,0
13319,46191,1390971983,-1
13319,39592,1390971983,0
13319,46304,1390971983,-1
13319,45266,1390971983,0
13319,39658,1390971983,0
13319,46171,1390971983,-1
13319,44476,1390971983,0
13319,46066,1390971983,1
13319,39584,1390971983,0
13319,46019,1390971983,1
13319,39655,1390971983,0
13319,39924,1390971983,0
13319,46030,1390971983,0
13321,42784,1390949398,1
13324,46017,1390907592,0
13326,44483,1390881065,1
13327,43951,1390872788,1
13329,46044,1390872788,0
13329,47305,1390872788,0
13329,52115,1390872788,0
13329,46233,1390872788,0
13329,52240,1390872788,0
13329,44451,1390872788,0
13329,37920,1390872788,0
13329,44453,1390872788,0
13329,52065,1390872788,0
13329,44476,1390872788,0
13329,43037,1390872788,0
13329,47671,1390872788,0
13329,41865,1390872788,0
13329,57595,1390872788,0
13329,45246,1390872788,0
13329,41719,1390872788,0
13329,46983,1390872788,0
13329,43972,1390872788,0
13329,57344,1390872788,0
13329,45923,1390872788,0
13331,44472,1390887744,0
13331,57424,1390887744,-1
13331,44466,1390887744,1
13331,52088,1390887744,0
13331,44275,1390887744,-1
13331,47654,1390887744,0
13331,44480,1390887744,1
13331,44469,1390887744,1
13331,52235,1390887744,0
13331,46057,1390887744,1
13331,45205,1390887744,-1
13331,47175,1390887744,-1
13331,52103,1390887744,0
13331,46247,1390887744,-1
13331,52065,1390887744,0
13331,44548,1390887744,1
13331,57572,1390887744,0
13331,52074,1390887744,0
13331,37920,1390887744,-1
13331,52090,1390887744,0
13334,43972,1390845845,0
13338,41395,1390556040,0
13338,39654,1390556040,0
13338,39625,1390556040,0
13338,41624,1390556040,0
13338,39586,1390556040,0
13338,47175,1390556040,1
13338,39581,1390556040,0
13338,39457,1390556040,0
13338,39686,1390556040,-1
13338,39451,1390556040,0
13338,43609,1390556040,0
13338,39662,1390556040,0
13338,46029,1390556040,0
13338,39645,1390556040,0
13338,52340,1390556040,-1
13338,46042,1390556040,0
13338,45973,1390556040,1
13338,46198,1390556040,0
13338,46128,1390556040,-1
13338,41513,1390556040,0
13339,46983,1389056954,0
13339,46184,1389056954,-1
13339,46120,1389056954,1
13339,46114,1389056954,1
13339,39612,1389056954,-1
13339,39620,1389056954,0
13339,39917,1389056954,0
13339,41855,1389056954,1
13339,41720,1390214103,1
13339,41720,1390481823,1
13340,39612,1390481052,0
13340,41854,1390481052,1
13340,46120,1390481052,1
13340,46054,1390481052,0
13341,57344,1390481052,0
13342,44275,1390477293,1
13345,46233,1390454648,1
13346,46233,1390454648,-1
13351,41628,1390093630,0
13351,41715,1390093630,-1
13351,46285,1390093630,0
13351,39413,1390093630,0
13351,39505,1390093630,0
13351,43600,1390093630,0
13351,46011,1390093630,0
13351,39586,1390093630,0
13351,52089,1390093630,0
13351,39187,1390093630,0
13351,46055,1390093630,0
13351,44469,1390093630,1
13351,40213,1390093630,-1
13351,41591,1390093630,0
13351,46976,1390093630,-1
13351,39414,1390093630,0
13351,39643,1390093630,0
13351,41516,1390093630,0
13351,39602,1390093630,0
13351,47890,1390093630,0
13352,57429,1390395850,0
13352,52073,1390395850,0
13352,47683,1390395850,-1
13352,57427,1390395850,0
13352,41865,1390395850,1
13352,45828,1390395850,-1
13352,52098,1390395850,0
13352,52236,1390395850,0
13352,57583,1390395850,0
13352,52065,1390395850,0
13352,44469,1390395850,1
13352,45243,1390395850,0
13352,45205,1390395850,-1
13352,47652,1390395850,0
13352,45865,1390395850,0
13352,45519,1390395850,0
13352,57594,1390395850,0
13352,43313,1390395850,-1
13352,47691,1390395850,0
13352,44548,1390395850,1
13355,57344,1390359293,-1
13355,57354,1390359293,-1
13355,57351,1390359293,0
13357,47669,1390237741,0
13357,44469,1390237741,-1
13357,44469,1390332700,0
13359,56854,1390296158,1
13361,45949,1390261759,1
13367,41719,1389959020,-1
13369,46011,1389947424,0
13369,45667,1389947424,1
13369,45995,1389947424,1
13369,43951,1389947424,1
13369,40272,1389947424,1
13370,41719,1389943276,1
13370,41715,1389943276,-1
13371,44469,1389936648,1
13373,46211,1389915078,0
13373,37747,1389915078,1
13377,47669,1389879813,1
13380,45266,1389851943,0
13383,41719,1389730512,1
13385,43313,1389820262,1
13385,41865,1389820262,-1
13385,41147,1389820262,0
13385,41145,1389820262,0
13385,38071,1389831747,0
13385,43424,1389831747,0
13394,44469,1389672530,0
13394,44480,1389672530,1
13394,44468,1389672530,0
13394,47692,1389672530,0
13395,46983,1389635915,0
13395,46296,1389635915,0
13395,46194,1389635915,0
13395,46298,1389635915,0
13395,45246,1389635915,0
13395,46120,1389635915,1
13395,37742,1389635915,0
13395,39546,1389635915,1
13396,37913,1389615467,0
13397,39714,1389402766,0
13397,55814,1389402766,0
13397,39639,1389402766,0
13397,39765,1389402766,1
13397,56396,1389402766,-1
13397,56073,1389402766,0
13397,56315,1389402766,0
13397,56094,1389402766,-1
13397,39217,1389402766,0
13397,55843,1389402766,0
13397,56166,1389402766,-1
13397,39181,1389402766,0
13397,56536,1389402766,-1
13397,56621,1389402766,0
13397,56652,1389402766,0
13397,39436,1389402766,0
13397,56390,1389402766,-1
13397,56382,1389402766,-1
13397,56607,1389402766,0
13397,55932,1389402766,0
13413,46153,1389234771,-1
13413,46044,1389234771,1
13413,39618,1389234771,0
13413,39817,1389234771,0
13413,46017,1389234771,0
13421,46055,1383796959,0
13421,45756,1383796959,1
13421,41608,1383796959,0
13421,41264,1383796959,1
13421,41628,1383796959,0
13421,39301,1383796959,1
13421,43008,1383796959,0
13421,45756,1389303875,-1
13421,43008,1389303875,0
13421,42835,1389303875,0
13421,41628,1389303875,0
13421,41264,1389303875,1
13421,46243,1389303875,1
13421,45764,1389303875,1
13421,46051,1389303875,1
13421,45744,1389303875,0
13421,45716,1389303875,0
13421,46051,1389305185,1
13421,46243,1389305185,0
13439,46153,1388655529,-1
13439,46133,1388655529,1
13439,46133,1389285119,-1
13441,41768,1389272873,0
13442,41719,1389262853,1
13443,45830,1386936864,0
13443,45823,1386936864,0
13443,45833,1386936864,0
13443,45810,1386936864,0
13443,45830,1389262853,0
13443,45823,1389262853,0
13443,45833,1389262853,0
13443,45810,1389262853,-1
13444,39246,1389230713,0
13444,39361,1389230713,0
13444,39344,1389230713,0
13444,39919,1389230713,-1
13444,46243,1389230713,1
13444,51990,1389230713,1
13444,46211,1389230713,0
13444,46243,1389233472,-1
13445,42864,1389231786,0
13445,42865,1389231786,1
13445,42966,1389231786,1
13445,42955,1389231786,1
13445,41264,1389231786,1
13445,42866,1389231786,1
13445,42784,1389231786,0
13447,46247,1389230104,1
13447,42770,1389230104,1
13449,45947,1389220810,0
13449,39777,1389220810,0
13449,46046,1389224330,1
13452,44066,1389199339,1
13453,46271,1389191886,1
13453,41640,1389191886,1
13454,37747,1389188439,0
13454,46303,1389188439,1
13454,46303,1389188440,0
13455,41145,1389186539,1
13457,46132,1388734032,1
13457,46190,1388734032,1
13457,46156,1389097678,1
13457,46194,1389097678,0
13457,46153,1389097678,-1
13457,46194,1389161681,0
13459,46055,1389118830,1
13459,52340,1389118830,0
13460,46247,1389087422,1
13460,46205,1389087422,1
13460,37747,1389087422,-1
13460,41640,1389087422,-1
13461,41145,1389084806,0
13463,46120,1389057737,-1
13463,46114,1389057737,-1
13465,56628,1389046962,-1
13465,56370,1389046962,0
13465,56574,1389046962,0
13465,37745,1389046962,1
13465,56068,1389046962,-1
13465,52333,1389046962,0
13465,47668,1389046962,1
13465,40065,1389046962,0
13465,43369,1389046962,0
13465,55890,1389046962,-1
13465,46082,1389046962,0
13465,56684,1389046962,0
13465,56350,1389046962,0
13465,41145,1389046962,1
13465,51854,1389046962,0
13465,40169,1389046962,0
13465,55867,1389046962,0
13465,39622,1389046962,0
13465,56339,1389046962,0
13465,56863,1389046962,0
13483,46271,1389004749,1
13484,44483,1388999055,-1
13486,41302,1388988403,0
13486,40145,1388988403,0
13486,39551,1388988403,0
13486,43759,1388988403,0
13486,56384,1388988403,-1
13486,56348,1388988403,-1
13486,42760,1388988403,0
13486,56717,1388988403,0
13486,56415,1388988403,0
13486,41375,1388988403,0
13486,41677,1388988403,-1
13486,39651,1388988403,0
13486,39258,1388988403,0
13486,56123,1388988403,0
13486,41749,1388988403,0
13486,56914,1388988403,0
13486,56508,1388988403,0
13486,40199,1388988403,0
13486,56070,1388988403,0
13486,39586,1388988403,1
13496,56013,1388727150,0
13496,56452,1388727150,0
13496,39316,1388727150,0
13496,56621,1388727150,0
13496,56020,1388727150,-1
13496,43337,1388727150,0
13496,42868,1388727150,0
13496,39249,1388727150,0
13496,44241,1388727150,0
13496,41315,1388727150,0
13496,37748,1388727150,0
13496,43154,1388727150,0
13496,40098,1388727150,0
13496,43363,1388727150,0
13496,44473,1388727150,0
13496,57407,1388727150,0
13496,56336,1388727150,-1
13496,39132,1388727150,0
13496,43939,1388727150,-1
13496,43422,1388727150,0
13510,52344,1388699678,1
13512,44483,1388660947,1
13513,46211,1388659701,1
13513,46207,1388659701,0
13513,43108,1388659701,1
13515,46191,1388575792,1
13517,43951,1388473576,0
13518,42770,1388451703,1
13518,44469,1388451703,-1
13518,40195,1388451703,0
13520,46114,1388468397,1
13521,46017,1388413866,0
13523,46204,1388413866,1
13524,47598,1388386233,-1
13524,41366,1388386233,1
13524,41368,1388386233,-1
13531,47683,1388178413,1
13531,44469,1388178413,0
13531,44483,1388178413,0
13532,47182,1388148442,0
13532,47180,1388148442,0
13532,47186,1388148442,1
13532,46233,1388148442,1
13532,46231,1388148442,0
13532,47175,1388148442,1
13538,46134,1388136362,0
13539,43951,1388136316,1
13541,46066,1388136008,1
13541,57434,1388136008,1
13542,46153,1388135788,1
13543,46119,1388134677,1
13543,46153,1388134677,1
13543,46930,1388134677,0
13543,46984,1388134677,0
13545,52340,1388057284,1
13545,52556,1388057284,1
13545,52556,1388123133,-1
13545,52340,1388123133,-1
13546,39740,1388121822,0
13546,41260,1388121822,0
13546,40098,1388121822,0
13546,39457,1388121822,0
13546,42958,1388121822,0
13546,56536,1388121822,-1
13546,52342,1388121822,0
13546,41496,1388121822,1
13546,39676,1388121822,0
13546,39958,1388121822,0
13546,55999,1388121822,0
13546,56685,1388121822,0
13546,42655,1388121822,0
13546,41510,1388121822,0
13546,41316,1388121822,0
13546,39324,1388121822,0
13546,55927,1388121822,-1
13546,45266,1388121822,-1
13546,46995,1388121822,0
13546,56629,1388121822,0
13552,57094,1388101953,0
13552,46247,1388101953,1
13552,41692,1388101953,-1
13552,56620,1388101953,-1
13552,39416,1388101953,0
13552,56168,1388101953,0
13552,55936,1388101953,0
13552,52314,1388101953,0
13552,52358,1388101953,0
13552,56231,1388101953,0
13552,42955,1388101953,1
13552,40094,1388101953,0
13552,44436,1388101953,0
13552,43369,1388101953,0
13552,39331,1388101953,0
13552,56423,1388101953,0
13552,57400,1388101953,0
13552,40020,1388101953,0
13552,56646,1388101953,-1
13552,39668,1388101953,0
13557,46289,1388098101,0
13557,42945,1388098101,1
13557,42784,1388098101,-1
13558,46243,1388090624,1
13559,46289,1388090379,-1
13559,42967,1388090379,0
13559,39602,1388090379,0
13561,41264,1388065411,0
13562,45036,1388058718,1
13566,42866,1387886659,1
13566,42871,1387886659,1
13568,46120,1386377284,1
13568,46120,1387844886,1
13568,39550,1387844886,1
13568,46983,1387844886,0
13569,46196,1387799121,1
13570,46153,1387799103,0
13572,43951,1387785322,0
13579,46985,1385511705,0
13579,46247,1385511705,1
13579,46205,1385511705,0
13579,39653,1385511705,0
13579,41668,1385511705,1
13579,37747,1387582417,1
13579,37743,1387582417,1
13579,46205,1387582417,1
13579,46120,1387587523,1
13579,41458,1387587523,1
13579,37742,1387587523,0
13579,46120,1387589013,-1
13579,37742,1387589013,0
13579,41458,1387589013,-1
13579,41458,1387589405,1
13579,37742,1387589405,0
13579,46120,1387589405,1
13579,46983,1387590165,0
13582,46247,1387575553,1
13582,41264,1387575553,0
13584,46086,1387567610,1
13588,41264,1387449207,0
13588,37747,1387449207,1
13588,46247,1387449207,-1
13588,46211,1387449207,0
13588,46054,1387449207,0
13588,37747,1387473994,0
13592,42622,1387442739,0
13592,41232,1387442739,0
13594,43520,1387421772,0
13594,39947,1387421772,0
13594,56764,1387421772,0
13594,40287,1387421772,0
13594,37762,1387421772,0
13594,56673,1387421772,0
13594,56765,1387421772,0
13594,39742,1387421772,0
13594,39356,1387421772,0
13594,40771,1387421772,0
13594,56470,1387421772,0
13594,56560,1387421772,-1
13594,43765,1387421772,0
13594,42770,1387421772,1
13594,43221,1387421772,0
13594,40065,1387421772,0
13594,43800,1387421772,0
13594,55958,1387421772,-1
13594,43798,1387421772,0
13594,39716,1387421772,0
13612,46990,1387371548,0
13612,45988,1387371548,0
13613,46120,1387358387,1
13614,45973,1387328302,-1
13616,46153,1387325218,0
13617,46072,1387320956,1
13617,41145,1387320956,0
13617,41145,1387320959,0
13619,52262,1387318615,0
13619,41687,1387318615,0
13619,41683,1387318615,0
13619,44472,1387318615,0
13619,56086,1387318615,0
13619,55886,1387318615,-1
13619,46980,1387318615,0
13619,46031,1387318615,1
13619,56760,1387318615,0
13619,55860,1387318615,0
13619,42844,1387318615,0
13619,43584,1387318615,0
13619,56032,1387318615,-1
13619,39588,1387318615,0
13619,40293,1387318615,0
13619,56241,1387318615,-1
13619,57626,1387318615,0
13619,52239,1387318615,0
13619,39159,1387318615,0
13619,41318,1387318615,0
13625,40321,1387229571,-1
13625,38029,1387229571,0
13625,44483,1387229571,1
13625,44067,1387229571,-1
13625,44466,1387229571,1
13625,44070,1387229571,0
13625,44199,1387229571,-1
13625,57439,1387229571,1
13625,57444,1387229571,0
13625,46286,1387229571,1
13627,44483,1387285275,1
13627,47683,1387285275,1
13628,43950,1386936154,0
13628,43950,1387270172,0
13630,47691,1387262179,-1
13631,43981,1387235563,1
13631,43972,1387235563,1
13631,44219,1387235563,1
13633,56830,1387231493,0
13633,39551,1387231493,0
13633,45539,1387231493,0
13633,43041,1387231493,0
13633,56640,1387231493,-1
13633,43322,1387231493,0
13633,57396,1387231493,0
13633,56009,1387231493,0
13633,40082,1387231493,0
13633,56878,1387231493,0
13633,55760,1387231493,0
13633,56756,1387231493,0
13633,56621,1387231493,0
13633,39566,1387231493,0
13633,56814,1387231493,0
13633,52121,1387231493,0
13633,46013,1387231493,1
13633,46194,1387231493,0
13633,56207,1387231493,0
13633,43130,1387231493,0
13640,46296,1387202783,-1
13643,39547,1386606467,0
13643,46990,1386606467,1
13643,46191,1386606467,1
13643,46191,1387197764,1
13644,46015,1387189388,0
13654,41719,1386936864,0
13657,45774,1386910697,0
13657,42963,1386910697,0
13657,40114,1386910697,0
13657,42654,1386910697,0
13657,39806,1386910697,0
13657,52333,1386910697,0
13657,56414,1386910697,0
13657,55820,1386910697,0
13657,47546,1386910697,0
13657,56161,1386910697,0
13657,56338,1386910697,0
13657,46106,1386910697,0
13657,55828,1386910697,0
13657,44548,1386910697,0
13657,45214,1386910697,0
13657,46953,1386910697,0
13657,55779,1386910697,0
13657,56410,1386910697,0
13657,56474,1386910697,0
13657,39220,1386910697,0
13665,45947,1386883136,-1
13667,45282,1386839888,0
13667,46058,1386839888,0
13667,47609,1386839888,0
13667,41711,1386839888,0
13667,41792,1386839888,0
13667,43770,1386839888,0
13667,56195,1386839888,0
13667,40096,1386839888,0
13667,44323,1386839888,0
13667,45774,1386839888,0
13667,46120,1386839888,0
13667,46076,1386839888,0
13667,41837,1386839888,0
13667,39603,1386839888,0
13667,56064,1386839888,0
13667,56691,1386839888,0
13667,40100,1386839888,0
13667,39602,1386839888,0
13667,39331,1386839888,0
13667,56468,1386839888,0
13675,42784,1386800286,1
13675,43009,1386800286,1
13676,42967,1386800263,1
13676,46289,1386800263,0
13678,43951,1386764413,1
13678,43947,1386764413,-1
13678,40083,1386764413,0
13678,40088,1386764413,1
13679,45833,1386756003,0
13682,46191,1386739935,1
13682,46190,1386739935,1
13683,40213,1386725772,1
13685,56290,1386707264,0
13685,45951,1386707264,0
13685,39338,1386707264,0
13685,45015,1386707264,0
13685,56740,1386707264,0
13685,52101,1386707264,0
13685,55784,1386707264,0
13685,56889,1386707264,0
13685,56415,1386707264,0
13685,40082,1386707264,0
13685,52271,1386707264,0
13685,47529,1386707264,0
13685,56264,1386707264,0
13685,39639,1386707264,0
13685,52124,1386707264,0
13685,47531,1386707264,0
13685,41833,1386707264,0
13685,39963,1386707264,0
13685,52331,1386707264,0
13685,39750,1386707264,0
13693,37742,1386665343,1
13693,37746,1386665343,1
13693,45266,1386665343,1
13693,45264,1386665343,1
13693,46133,1386665343,-1
13693,46119,1386665343,1
13693,46984,1386665343,0
13693,46930,1386665343,0
13693,46929,1386665343,0
13694,38011,1386643104,1
13694,39569,1386643104,0
13695,56139,1386639124,0
13695,45758,1386639124,0
13695,56742,1386639124,0
13695,47657,1386639124,0
13695,55825,1386639124,0
13695,57635,1386639124,0
13695,47686,1386639124,0
13695,56483,1386639124,0
13695,41784,1386639124,0
13695,56339,1386639124,0
13695,41513,1386639124,0
13695,39974,1386639124,0
13695,41306,1386639124,0
13695,55955,1386639124,0
13695,39497,1386639124,0
13695,40156,1386639124,0
13695,52092,1386639124,0
13695,55915,1386639124,0
13695,57010,1386639124,0
13695,57108,1386639124,0
13702,46051,1386632417,1
13702,37747,1386632417,1
13702,41285,1386632417,1
13704,46072,1386632233,0
13704,46072,1386632235,0
13705,56064,1386631307,0
13705,43582,1386631307,0
13705,56931,1386631307,0
13705,57000,1386631307,0
13705,41076,1386631307,0
13705,42830,1386631307,0
13705,57110,1386631307,0
13705,47614,1386631307,0
13705,47664,1386631307,0
13705,40033,1386631307,0
13705,56630,1386631307,0
13705,56381,1386631307,0
13705,45933,1386631307,0
13705,56839,1386631307,0
13705,55943,1386631307,0
13705,46104,1386631307,0
13705,41627,1386631307,0
13705,43971,1386631307,0
13705,39344,1386631307,0
13705,47673,1386631307,0
13711,45949,1373026705,1
13711,58044,1373026705,1
13711,37862,1373026705,0
13711,46078,1386571581,1
13712,39175,1386374757,0
13712,55876,1386374757,0
13712,39335,1386374757,0
13712,41677,1386374757,0
13712,37878,1386374757,0
13712,56832,1386374757,0
13712,43763,1386374757,0
13712,39629,1386374757,0
13712,57012,1386374757,0
13712,40042,1386374757,0
13712,39630,1386374757,0
13712,39519,1386374757,0
13712,46113,1386374757,0
13712,56523,1386374757,0
13712,37920,1386374757,0
13712,56488,1386374757,0
13712,56966,1386374757,0
13712,57652,1386374757,0
13712,43305,1386374757,0
13712,45287,1386374757,0
13717,46247,1386357506,1
13717,39643,1386357506,1
13717,41264,1386357506,1
13718,46072,1386357503,0
13719,44483,1386311642,1
13720,47691,1386297907,-1
13721,45930,1386286621,-1
13721,46072,1386286621,1
13722,37747,1386282687,0
13722,46051,1386282687,1
13723,46145,1386237928,1
13723,52357,1386237928,1
13723,47881,1386237928,0
13723,41518,1386237928,0
13723,37967,1386237928,1
13723,45307,1386237928,1
13724,41058,1386236418,0
13726,57344,1386197608,0
13726,57344,1386197964,0
13728,46296,1386186927,0
13729,41264,1386183693,0
13731,37863,1386180346,0
13731,43002,1386180346,0
13731,45760,1386180346,0
13731,45940,1386180346,0
13731,37742,1386180346,0
13731,47596,1386180346,1
13731,45938,1386180346,-1
13731,41145,1386180346,0
13731,42784,1386180346,0
13731,43009,1386180346,0
13731,46153,1386180346,-1
13731,41280,1386180346,0
13731,45941,1386180346,0
13731,46055,1386180346,0
13731,46086,1386180346,0
13731,46211,1386180346,1
13731,44454,1386180346,0
13731,57351,1386180346,0
13731,46205,1386180346,0
13731,41132,1386180346,0
13735,39614,1386136725,-1
13735,37747,1386136725,-1
13736,45667,1386118526,0
13736,52268,1386118526,0
13736,52543,1386118526,0
13737,46289,1386111339,-1
13739,46247,1386066360,1
13739,46286,1386066360,1
13741,37747,1386034033,1
13745,45950,1385717944,0
13745,45950,1385718771,0
13746,45991,1385634162,0
13748,46019,1385632041,1
13750,39620,1385530296,0
13752,43972,1385505459,0
13753,37747,1385488337,1
13753,37743,1385488337,0
13753,39653,1385488337,0
13753,39614,1385488337,0
13753,39643,1385488337,0
13753,39630,1385488337,0
13753,46247,1385488337,1
13754,46283,1371018105,1
13754,46256,1371018105,0
13754,46283,1385474483,0
13754,46256,1385474483,0
13754,45666,1385474483,1
13756,46205,1385473403,0
13757,41759,1385465850,0
13757,41368,1385465850,1
13757,47598,1385465850,1
13758,41603,1385456550,1
13758,37747,1385456550,0
13760,57344,1382665732,1
13760,57351,1382665732,1
13760,57351,1385424408,0
13760,57344,1385424408,0
13762,45973,1385416062,0
13764,56474,1385406229,0
13764,56200,1385406229,0
13764,46185,1385406229,0
13764,39283,1385406229,0
13764,52364,1385406229,0
13764,55928,1385406229,0
13764,39184,1385406229,0
13764,47640,1385406229,0
13764,55845,1385406229,0
13764,57350,1385406229,0
13764,47654,1385406229,0
13764,41280,1385406229,0
13764,43762,1385406229,0
13764,45280,1385406229,0
13764,57096,1385406229,0
13764,43344,1385406229,0
13764,57632,1385406229,0
13764,43151,1385406229,0
13764,39988,1385406229,0
13764,56064,1385406229,0
13771,45938,1385374953,1
13771,46054,1385374953,0
13774,46273,1385146587,1
13776,41754,1385078640,0
13776,39410,1385078640,0
13776,56210,1385078640,-1
13776,56400,1385078640,0
13776,47695,1385078640,0
13776,57001,1385078640,0
13776,56828,1385078640,0
13776,39276,1385078640,0
13776,39386,1385078640,0
13776,38028,1385078640,0
13776,47548,1385078640,0
13776,56161,1385078640,-1
13776,42943,1385078640,0
13776,39700,1385078640,0
13776,56490,1385078640,0
13776,41422,1385078640,0
13776,55763,1385078640,0
13776,55755,1385078640,-1
13776,43310,1385078640,0
13776,46141,1385078640,0
13791,44469,1385006984,1
13797,46054,1384944142,0
13797,44445,1384944142,0
13797,44479,1384944142,1
13797,44468,1384944142,1
13797,44464,1384944142,1
13797,44480,1384944142,1
13797,47750,1384944142,0
13797,47691,1384944142,1
13801,43108,1384498171,1
13801,46055,1384498171,1
13801,46051,1384498171,-1
13801,46054,1384498171,0
13801,46207,1384498171,0
13801,46153,1384498171,1
13801,46073,1384498171,-1
13801,47011,1384498171,0
13804,46054,1384472653,0
13804,46054,1384491026,0
13809,46111,1384347115,1
13812,45973,1384249535,1
13813,47683,1384141314,1
13815,44281,1384157995,1
13816,47669,1384069537,1
13816,47668,1384069537,1
13818,43972,1383921614,1
13820,47694,1383913536,0
13821,52340,1383909556,0
13821,46747,1383909556,1
13821,46153,1383909556,0
13821,46145,1383909556,1
13821,46211,1383909556,0
13821,45156,1383909556,0
13821,46111,1383909556,1
13821,45304,1383909556,1
13821,45166,1383909556,-1
13821,45307,1383909556,1
13821,45080,1383909556,-1
13821,37913,1383909556,0
13821,37820,1383909556,1
13821,39517,1383909556,1
13821,37967,1383909556,1
13821,37863,1383909556,0
13821,41450,1383909556,0
13821,40147,1383909556,0
13823,45633,1383904105,0
13824,39407,1383120544,0
13824,39407,1383903589,0
13827,46723,1383889157,-1
13827,47004,1383889239,0
13829,43114,1383866359,0
13829,45944,1383866359,0
13830,41572,1383860293,1
13832,43972,1383837983,1
13833,46153,1383674973,1
13833,57344,1383674973,1
13833,43972,1383743263,0
13833,44469,1383743263,1
13833,40213,1383743263,0
13833,41452,1383824463,0
13833,41453,1383824463,0
13833,46153,1383824463,0
13835,46054,1383647343,0
13835,44464,1383647343,-1
13835,44468,1383647343,0
13835,44479,1383647343,1
13835,47750,1383647343,0
13835,47691,1383647343,1
13835,44479,1383653537,0
13835,47691,1383803431,0
13837,37747,1383781617,1
13837,37747,1383783385,-1
13839,46243,1383740260,0
13840,47691,1383745053,-1
13840,47750,1383745053,0
13840,46054,1383745053,0
13840,44479,1383745053,-1
13840,44468,1383745053,0
13840,44464,1383745053,-1
13842,41718,1383698152,0
13844,46017,1383611124,0
13844,39738,1383648156,1
13844,41247,1383648156,0
13844,40096,1383648156,0
13844,46971,1383611124,0
13844,39457,1383611124,0
13844,45991,1383648156,0
13844,43609,1383611124,0
13844,37901,1383648156,0
13844,39627,1383611124,0
13844,39506,1383611124,0
13844,46723,1383611124,0
13844,46114,1383611124,0
13844,46055,1383611124,0
13844,46205,1383611124,0
13844,46204,1383648156,0
13844,46289,1383611124,0
13844,46233,1383611124,0
13844,46296,1383611124,0
13844,46294,1383611124,0
13846,41628,1383638077,0
13847,46051,1383612311,1
13848,46072,1383612302,1
13848,46072,1383612306,0
13850,42960,1383354420,1
13850,45684,1383354420,0
13850,46256,1383354420,0
13850,46271,1383354420,1
13850,45716,1383354420,1
13850,43009,1383597125,0
13850,42955,1383354420,1
13850,46283,1383354420,1
13850,42770,1383354420,1
13850,42955,1383354420,1
13850,46289,1383354420,-1
13850,45666,1383354420,1
13850,42784,1383597125,0
13850,43009,1383354420,1
13850,45744,1383354420,0
13850,44387,1383354420,0
13850,46256,1383597125,0
13850,46281,1383354420,0
13850,42957,1383354420,1
13850,42784,1383354420,1
13853,41628,1383371291,0
13854,45944,1383371291,1
13854,45973,1383371291,1
13854,39649,1383371291,1
13856,37742,1383287538,-1
13856,45976,1383287538,0
13856,46971,1383287538,0
13856,45929,1383287538,0
13856,46194,1383287538,1
13856,45836,1383287538,0
13856,39506,1383287538,0
13856,39457,1383287538,0
13856,45988,1383287538,0
13856,46294,1383287538,0
13856,43048,1383287538,0
13856,45815,1383287538,0
13856,42872,1383287538,0
13856,45947,1383287538,0
13856,46013,1383287538,0
13856,47683,1383287538,1
13856,39383,1383287538,0
13856,46019,1383287538,0
13856,44483,1383287538,1
13856,46205,1383287538,1
13862,46156,1383186622,0
13862,45947,1383186622,0
13862,57344,1383186622,0
13862,41513,1383186622,0
13862,40213,1383186622,1
13862,40165,1383186622,0
13862,39794,1383186622,1
13862,39667,1383186622,1
13862,44469,1383186622,0
13862,46198,1383186622,1
13864,45947,1383147424,-1
13865,46120,1383146034,0
13868,46120,1383082479,-1
13868,43972,1383082479,-1
13868,43963,1383082479,1
13870,45973,1383069533,-1
13871,37747,1383026505,1
13872,41572,1382554002,0
13872,46068,1382554002,0
13872,37727,1382554002,0
13872,42951,1382554002,0
13872,45673,1383019291,0
13872,47598,1382554002,0
13872,41357,1382554002,0
13872,45685,1383019291,0
13872,46136,1382554002,0
13872,37742,1382554002,0
13872,46243,1383019291,1
13872,46171,1382554002,0
13872,42632,1382554002,0
13872,44284,1382554002,0
13872,46120,1382554002,0
13872,41366,1382554002,0
13872,42628,1382554002,0
13872,46126,1382554002,0
13872,47599,1382554002,0
13872,44281,1382554002,0
13873,57355,1383006709,1
13874,44483,1382946474,1
13877,57344,1379969867,0
13877,44466,1382744872,0
13877,40110,1382744872,0
13877,52257,1379969867,0
13877,46981,1382744872,0
13877,40213,1379969867,0
13877,46211,1382744872,1
13877,42829,1382744872,0
13877,46120,1379969867,0
13877,40024,1379969867,0
13877,46090,1379969867,0
13877,40206,1379969867,0
13877,40272,1379969867,0
13877,40313,1379969867,0
13877,40026,1379969867,0
13877,46999,1379969867,0
13877,42770,1382744872,0
13877,43546,1382744872,1
13877,40304,1379969867,-1
13877,40306,1379969867,0
13878,45036,1382704095,1
13878,45011,1382704095,0
13879,41285,1382693820,0
13881,37746,1382661281,1
13881,41503,1382661281,0
13881,41504,1382661281,0
13881,40149,1382661281,0
13881,39666,1382661281,-1
13881,57344,1382661281,0
13881,46108,1382661281,1
13881,46196,1382661281,-1
13881,46132,1382661281,1
13881,46153,1382661281,-1
13881,46156,1382661281,1
13881,46988,1382661281,1
13881,44469,1382661783,0
13881,40213,1382661783,0
13883,47691,1382640161,1
13884,46207,1382489691,1
13884,41145,1382489735,1
13884,40101,1382489691,1
13884,57421,1382489691,1
13884,57417,1379016042,0
13884,46104,1382475043,1
13884,46044,1382475043,1
13884,46104,1382475714,1
13884,57350,1382489691,1
13884,41658,1382489691,0
13884,43972,1382489691,0
13884,46104,1382636061,-1
13884,43842,1382489691,0
13884,57417,1379016042,1
13884,46054,1382489691,0
13884,44240,1382489691,-1
13884,46095,1382489691,-1
13884,44281,1382489691,0
13884,57344,1382489691,1
13884,46288,1382489691,1
13885,46211,1382608320,-1
13885,37747,1382608320,-1
13885,37863,1382608320,0
13886,46009,1381882135,0
13886,45973,1381882135,1
13886,46005,1381882135,1
13886,39791,1381882135,1
13886,39557,1381882135,1
13886,57609,1381882135,1
13886,45943,1381882135,0
13886,46285,1381882135,1
13886,39557,1382573834,-1
13886,39791,1382573834,-1
13886,45973,1382573834,-1
13888,41145,1382540642,1
13888,45744,1382556103,0
13888,45716,1382556103,0
13888,45756,1382556103,1
13888,42771,1382556103,1
13888,42865,1382556103,1
13888,39797,1382556103,0
13888,42835,1382556103,0
13888,42840,1382556103,0
13888,42871,1382556103,1
13888,41016,1382556103,0
13888,41145,1382556103,1
13888,46271,1382556103,-1
13888,45947,1382556103,1
13888,57889,1382556103,0
13890,52361,1382353497,0
13890,52361,1382498503,0
13892,46296,1382460526,0
13893,46982,1382438663,-1
13893,47012,1382438663,0
13893,46153,1382438663,1
13893,46055,1382438663,0
13893,40147,1382438663,1
13893,40282,1382438663,1
13893,37742,1382438663,0
13893,39275,1382438663,1
13893,39297,1382438663,1
13893,45156,1382438663,1
13893,45080,1382438663,1
13893,41583,1382438663,0
13894,39595,1382418780,0
13894,39788,1382418780,0
13896,43009,1382392482,1
13897,39615,1382379102,1
13897,37747,1382379102,1
13898,52247,1382142314,1
13899,46055,1382097843,1
13903,46055,1382090921,1
13904,46153,1371164715,1
13904,46153,1378416412,1
13904,57344,1382065484,0
13904,40213,1382065484,0
13904,44469,1382065484,0
13906,46153,1382065248,0
13907,46153,1382057752,-1
13908,40302,1382062830,-1
13909,57357,1382053631,1
13909,46285,1382053631,0
13909,42630,1382053631,0
13909,41576,1382053631,0
13909,43133,1382053631,0
13909,43059,1382053631,0
13909,41424,1382053631,0
13909,43107,1382053631,0
13909,43009,1382053631,0
13909,56775,1382053631,0
13909,44313,1382053631,0
13909,56818,1382053631,0
13909,41262,1382053631,0
13909,41252,1382053631,0
13909,46304,1382053631,0
13909,43220,1382053631,0
13909,46133,1382053631,0
13909,43854,1382053631,0
13909,56815,1382053631,0
13909,41648,1382053631,1
13911,41623,1382050750,0
13911,43009,1382050750,1
13911,42783,1382050750,1
13911,43000,1382050750,0
13915,46247,1382003845,1
13916,43972,1381965250,0
13917,41285,1381960938,1
13917,45947,1381960938,0
13917,46211,1381960938,0
13918,46762,1381931922,1
13918,41710,1381931922,0
13918,41713,1381931922,0
13918,42657,1381931922,0
13918,43126,1381931922,0
13918,43143,1381931922,-1
13920,46114,1381929397,1
13921,47694,1381870573,0
13923,47664,1381797185,1
13925,37746,1381793858,1
13926,46104,1381457919,1
13926,45973,1381457919,-1
13928,41335,1381387840,0
13928,46298,1381387840,0
13928,45080,1381387840,0
13928,45672,1381387840,0
13928,47691,1381387840,0
13928,43424,1381387840,0
13928,43969,1381387840,0
13928,39506,1381387840,0
13928,41466,1381387840,0
13928,44402,1381387840,0
13928,40297,1381387840,0
13928,41463,1381387840,0
13928,44066,1381387840,0
13928,39305,1381387840,0
13928,41341,1381387840,0
13928,37746,1381387840,0
13928,47692,1381387840,0
13928,45938,1381387840,0
13928,41366,1381387840,0
13928,41572,1381387840,0
13929,41366,1381272499,0
13929,46976,1381272499,0
13929,37824,1381272499,0
13929,41131,1381272499,0
13929,46924,1381272499,0
13929,40142,1381272499,0
13929,46126,1381272499,0
13929,46247,1381272499,0
13929,42786,1381272499,0
13929,42841,1381272499,0
13929,41264,1381272499,0
13929,41421,1381272499,0
13929,46301,1381272499,0
13929,41570,1381272499,0
13929,52275,1381272499,0
13929,46285,1381272499,0
13929,46055,1381272499,0
13929,57355,1381272499,0
13929,45947,1381272499,0
13929,42866,1381272499,0
13931,44480,1381258122,0
13931,41258,1381258122,0
13931,42869,1381258122,0
13931,44483,1381258122,0
13931,46200,1381258122,0
13931,37749,1381258122,0
13931,57439,1381258122,0
13931,46066,1381258122,0
13931,41463,1381258122,0
13931,40784,1381258122,0
13931,40155,1381258122,0
13931,41487,1381258122,0
13931,41335,1381258122,0
13931,41478,1381258122,0
13931,40312,1381258122,0
13931,41566,1381258122,0
13931,43546,1381258122,0
13931,52275,1381258122,0
13931,44300,1381258122,0
13931,41231,1381258122,0
13932,52355,1381229778,0
13932,39609,1371686766,1
13932,46120,1367214880,0
13932,39763,1367214880,0
13932,44548,1371686766,0
13932,39507,1371686766,0
13932,40191,1371686766,-1
13932,57357,1367214880,0
13932,57424,1371686766,0
13932,46088,1381229778,0
13932,40102,1371686766,1
13932,41617,1371686766,0
13932,37827,1371686766,0
13932,41463,1381229778,0
13932,44469,1381229778,0
13932,46041,1381229778,0
13932,41650,1371686766,0
13932,57351,1371686766,0
13932,41865,1381229778,0
13932,46285,1381229778,0
13934,47691,1381186123,0
13934,40304,1381186123,0
13934,41333,1381186123,0
13934,41859,1381186123,0
13934,44066,1381186123,0
13934,46976,1381186123,0
13934,57888,1381186123,0
13934,45938,1381186123,0
13934,43126,1381186123,0
13934,47655,1381186123,0
13934,41252,1381186123,0
13934,45164,1381186123,0
13934,41580,1381186123,0
13934,41289,1381186123,0
13934,41337,1381186123,0
13934,45672,1381186123,0
13934,37767,1381186123,0
13934,45154,1381186123,0
13934,41469,1381186123,0
13934,41427,1381186123,0
13936,39653,1380928588,0
13936,45973,1380928588,1
13936,45973,1380935947,1
13936,46055,1380935947,0
13936,39653,1380935947,1
13936,39305,1380935947,1
13936,46247,1380935947,1
13937,44469,1380928436,1
13937,47683,1380928436,1
13938,52355,1380877576,1
13941,41628,1380761636,0
13941,45154,1380761636,0
13941,40763,1380761636,0
13941,41264,1380761636,0
13941,42871,1380761636,0
13941,43840,1380761636,0
13941,43846,1380761636,0
13941,44071,1380761636,0
13941,39334,1380761636,0
13941,46085,1380761636,0
13941,46233,1380761636,0
13941,43405,1380761636,0
13941,46288,1380761636,0
13941,45857,1380761636,0
13941,41137,1380761636,0
13941,46205,1380761636,0
13941,42831,1380761636,0
13941,41799,1380761636,0
13941,46916,1380761636,0
13941,46019,1380761636,0
13942,43338,1380748605,0
13942,40317,1380748605,0
13942,41488,1380748605,0
13942,44479,1380748605,0
13942,57434,1380748605,0
13942,45942,1380748605,0
13942,43600,1380748605,0
13942,43128,1380748605,0
13942,46289,1380748605,0
13942,44219,1380748605,0
13942,43108,1380748605,0
13942,44071,1380748605,0
13942,42932,1380748605,0
13942,42725,1380748605,0
13942,41231,1380748605,0
13942,46153,1380748605,-1
13942,40141,1380748605,0
13942,43424,1380748605,0
13942,44199,1380748605,0
13942,46204,1380748605,0
13944,41692,1380737384,1
13945,45080,1380606510,0
13945,45929,1380606510,0
13945,46194,1380606510,0
13945,46205,1380606510,0
13945,45828,1380606510,0
13945,43840,1380606510,0
13945,52288,1380606510,0
13945,57351,1380606510,0
13945,45984,1380606510,0
13945,41478,1380606510,0
13945,41799,1380606510,0
13945,41865,1380606510,0
13945,40206,1380606510,0
13945,43130,1380606510,0
13945,43108,1380606510,0
13945,42841,1380606510,0
13945,37742,1380606510,0
13945,41132,1380606510,0
13945,44235,1380606510,0
13945,39390,1380606510,0
13950,44466,1379452012,-1
13950,44468,1379452012,1
13950,44469,1379452012,-1
13950,44483,1379452012,1
13950,44464,1379452012,1
13950,44480,1379452012,1
13950,44445,1379452012,1
13950,46054,1379452012,-1
13950,43037,1379452012,0
13950,37767,1379452012,1
13950,47683,1379452012,1
13950,47669,1379452012,0
13950,47683,1379452034,1
13950,44483,1379452034,-1
13950,44464,1380322622,-1
13951,52257,1380308020,-1
13951,46999,1380308020,0
13951,45973,1380308020,0
13951,46013,1380308020,0
13951,57344,1380308020,0
13951,44235,1380308020,0
13951,46294,1380308020,0
13951,37920,1380308020,0
13951,46088,1380308020,0
13951,46247,1380308020,0
13951,45928,1380308020,0
13951,46073,1380308020,0
13951,46289,1380308020,1
13951,45929,1380308020,0
13951,43000,1380308020,0
13951,46985,1380308020,0
13951,45947,1380308020,-1
13951,40311,1380308020,0
13951,39596,1380308020,0
13951,41264,1380308020,0
13952,46133,1380229232,-1
13955,43009,1380151990,-1
13955,42871,1380151990,1
13956,44067,1380151975,0
13956,44066,1380151975,0
13956,43972,1380151975,1
13956,44199,1380151975,0
13956,44235,1380151975,0
13956,44070,1380151975,0
13956,40763,1380151975,0
13957,41264,1380151960,-1
13958,44067,1380151756,1
13958,45716,1380151756,1
13959,43963,1380009235,1
13959,43963,1380009300,-1
13959,43963,1380151193,1
13960,44066,1380150551,0
13960,44066,1380150818,0
13960,44070,1380150818,-1
13960,44071,1380150970,1
13960,46289,1380150970,1
13960,44071,1380151074,0
13961,43972,1375901059,1
13961,58031,1375901059,1
13961,58034,1375901059,0
13961,43962,1375911796,0
13961,58031,1375911796,-1
13961,43962,1380150994,0
13961,43009,1380150994,0
13961,41145,1380150994,-1
13962,43972,1380150657,1
13962,40213,1380150657,1
13964,42865,1380150540,1
13966,44067,1380150105,-1
13966,43000,1380150105,1
13966,44066,1380150105,1
13966,43972,1380150105,1
13967,44070,1375727043,1
13967,44070,1375785606,0
13967,44070,1375972687,1
13967,44070,1376031526,0
13967,44070,1380149523,-1
13967,44066,1380149523,1
13969,46055,1374035771,1
13969,45080,1374035771,1
13969,45166,1374035771,0
13969,41583,1374035771,1
13969,45947,1375264902,0
13969,47012,1374035771,0
13969,46054,1374035771,0
13969,40282,1374035771,1
13969,39275,1374035771,1
13969,45156,1374035771,1
13969,46055,1375264902,1
13969,39762,1375264902,1
13969,41583,1375264902,-1
13969,46982,1374035771,0
13969,46055,1380123564,0
13969,39297,1374035771,1
13969,46153,1374035771,1
13969,57921,1374035771,1
13969,46055,1374035771,1
13969,40147,1374035771,0
13970,45973,1380027674,1
13972,41715,1379938743,1
13974,41715,1379938721,1
13974,41572,1379938721,0
13974,46194,1379938721,1
13974,46999,1379938721,0
13976,46088,1379634487,0
13976,46120,1379634487,0
13976,37747,1379634487,0
13976,46090,1379634487,0
13976,57344,1379634487,0
13976,37747,1379641053,0
13976,46120,1379641053,0
13976,46114,1379641053,0
13976,46088,1379641053,0
13976,46090,1379641053,0
13976,57344,1379641053,0
13977,46114,1379540622,-1
13977,46114,1379636422,-1
13979,46088,1379623018,0
13979,46120,1379623018,0
13979,46090,1379623018,0
13979,57344,1379623018,0
13979,37747,1379623018,0
13980,37747,1379611257,-1
13980,57344,1379611257,-1
13980,46088,1379611257,0
13980,46120,1379611257,1
13980,46090,1379611257,0
13981,46088,1379580884,-1
13981,46090,1379580884,-1
13983,46072,1379548324,1
13985,41715,1379548321,0
13988,37742,1379458889,0
13989,43009,1378920357,0
13989,43009,1379456420,1
13991,44070,1379436815,0
13995,45947,1377206232,0
13995,41715,1379037341,0
13997,57344,1378983895,-1
13997,57350,1378983895,0
13999,57346,1378939929,-1
13999,57344,1378939929,1
14001,41132,1378813896,0
14002,47873,1378800894,1
14002,47868,1378800894,-1
14002,47872,1378800894,0
14002,47869,1378800894,0
14002,47870,1378800894,1
14005,45266,1378759705,0
14005,57110,1378759705,0
14005,47669,1378759705,0
14005,46137,1378759705,0
14006,46137,1378757999,0
14006,57344,1378068803,-1
14006,46111,1378068803,-1
14006,46106,1378068803,-1
14006,46140,1378068803,-1
14006,45947,1378068803,-1
14006,45266,1378068803,0
14006,43984,1378068803,0
14006,46138,1378068803,-1
14006,46156,1378068803,-1
14006,45266,1378757999,-1
14006,57108,1378068803,-1
14006,45036,1378068803,-1
14006,45543,1378068803,-1
14006,43843,1378068803,1
14006,52103,1378068803,-1
14006,47669,1378757999,0
14006,57921,1378068803,1
14006,43972,1378068803,-1
14006,44240,1378068803,1
14008,57439,1378514920,1
14008,44484,1378514920,1
14008,42770,1378514920,0
14009,44483,1376003796,0
14009,43009,1376003796,0
14009,42770,1376003796,1
14009,42770,1376003820,0
14009,42955,1376003820,0
14009,58084,1376003820,-1
14009,57439,1378503543,1
14011,43009,1377715926,1
14011,41623,1377715926,-1
14011,41264,1378416971,1
14013,43972,1378372572,0
14015,43000,1378365216,0
14015,42732,1378365216,0
14017,41715,1378331386,1
14017,44481,1378331386,1
14017,44469,1378331386,1
14017,47695,1378331386,0
14017,47683,1378331386,1
14019,47683,1378331386,-1
14019,42866,1378331386,0
14019,44483,1378331386,1
14019,44445,1378331386,0
14023,44481,1378331386,-1
14024,47664,1378331386,-1
14026,44469,1378331385,1
14026,44481,1378331385,1
14026,44469,1378331386,-1
14026,37833,1378331386,-1
14026,41145,1378331386,1
14026,41264,1378331386,1
14026,47683,1378331386,1
14026,44483,1378331386,-1
14026,44466,1378331386,0
14026,42865,1378331386,1
14026,47683,1378331386,-1
14028,57920,1378331385,1
14029,47692,1378331385,1
14029,47693,1378331385,0
14029,44468,1378331385,0
14029,44479,1378331385,-1
14029,46054,1378331385,0
14031,47691,1378331385,-1
14031,47692,1378331385,0
14031,47693,1378331385,-1
14031,47750,1378331385,0
14031,44469,1378331385,1
14031,44480,1378331385,-1
14032,47692,1378331385,1
14032,47664,1378331385,1
14032,44479,1378331385,0
14032,44469,1378331385,1
14032,44468,1378331385,0
14032,44480,1378331385,1
14032,47692,1378331385,0
14032,47693,1378331385,0
14035,44469,1378331385,-1
14035,47657,1378331385,1
14035,44481,1378331385,0
14035,44483,1378331385,-1
14035,44469,1378331385,1
14035,47669,1378331385,1
14035,44469,1378331385,-1
14035,44466,1378331385,-1
14035,44483,1378331385,1
14035,47669,1378331385,1
14035,47683,1378331385,0
14035,47657,1378331385,1
14035,47695,1378331385,1
14038,41715,1378299505,1
14040,39650,1376432205,0
14040,41264,1376432205,0
14040,57936,1376432205,1
14040,43548,1378263785,1
14041,41715,1378263781,1
14042,45929,1378263779,1
14042,46026,1378263779,1
14042,45973,1378263779,1
14043,45973,1378263776,0
14043,46055,1378263776,1
14043,43773,1378263776,1
14044,46055,1378263773,0
14044,43773,1378263773,0
14044,46723,1378263773,1
14045,46069,1378263767,1
14045,43548,1378263770,0
14048,46723,1378263754,1
14048,45973,1378263754,1
14048,46021,1378263754,0
14048,45929,1378263754,0
14048,43548,1378263754,0
14048,42611,1378263754,0
14048,41800,1378263754,0
14048,39133,1378263754,0
14048,37747,1378263754,1
14048,46296,1378263754,1
14048,47004,1378263754,1
14050,41020,1378251563,0
14050,42784,1378251563,0
14050,46254,1378251563,-1
14051,41768,1370066448,0
14051,41861,1370066448,0
14051,47598,1370066448,1
14051,40116,1370066448,0
14051,37747,1372237811,-1
14051,46212,1370066448,1
14051,57344,1370066448,1
14051,46054,1370066448,0
14051,46017,1372335954,1
14051,47639,1370066448,0
14051,39865,1370066448,0
14051,39817,1370066448,1
14051,45947,1370066448,1
14051,44469,1378130699,0
14051,43972,1370066448,1
14051,58084,1370066448,1
14051,57344,1378130699,0
14051,40114,1372237811,0
14051,37747,1378201534,0
14051,37747,1370066448,1
14052,46184,1378198098,0
14052,39580,1378198098,0
14054,37747,1378133794,-1
14054,46114,1378133794,0
14054,46976,1378133794,1
14055,59823,1367870312,1
14055,60124,1367870312,1
14055,39584,1378133635,1
14055,39585,1378133635,1
14055,39790,1378133635,0
14055,41544,1378133635,0
14059,41715,1377759414,1
14059,41715,1377768817,-1
14059,41715,1377772878,0
14063,44464,1377729628,0
14063,44464,1377729633,0
14069,46289,1377648911,1
14071,41628,1377637167,0
14073,46135,1377631178,1
14074,44067,1377621279,1
14075,44070,1369404008,1
14075,42934,1369404008,-1
14075,43972,1369404008,0
14075,42934,1377615908,-1
14076,41264,1377604874,1
14081,45950,1377564879,0
14085,57355,1377543533,0
14085,57439,1377543533,-1
14085,44067,1377543533,0
14085,44483,1377543533,0
14085,42787,1377543533,1
14087,46204,1377514134,1
14089,46211,1377296817,0
14090,44469,1377296803,1
14093,44064,1377267442,1
14093,44070,1377267442,1
14093,44067,1377267442,1
14095,43840,1377214523,-1
14095,43850,1377214523,0
14095,43938,1377214523,0
14095,43848,1377214523,0
14095,43857,1377214523,0
14095,43852,1377214523,-1
14095,43847,1377214523,-1
14095,43846,1377214523,-1
14095,43935,1377214523,0
14095,43943,1377214523,0
14095,41715,1377214523,0
14095,43860,1377214523,0
14095,43938,1377218230,-1
14095,43935,1377218230,-1
14097,42784,1377212567,0
14098,42966,1377212551,1
14102,41705,1377177825,1
14102,41707,1377177825,1
14105,57439,1377097950,1
14106,46153,1373524389,0
14106,57921,1377078945,1
14107,44454,1377052432,1
14110,45716,1377039698,1
14112,46256,1375310988,-1
14112,46288,1377033229,1
14112,46211,1377033229,1
14112,46289,1377033229,-1
14112,47857,1377033229,0
14112,42823,1377039586,0
14112,39700,1377039586,1
14112,39480,1377039586,1
14117,57355,1376908452,0
14117,44067,1377006692,0
14117,44483,1377006692,1
14118,47683,1376985589,0
14121,57439,1376959948,1
14121,40320,1376959948,1
14121,40321,1376959948,1
14121,40305,1376959948,0
14121,40310,1376959948,1
14121,40311,1376959948,0
14122,42784,1376959053,0
14123,42866,1376517559,0
14123,44067,1376517559,1
14123,42866,1376951178,-1
14123,42947,1376951178,1
14123,43009,1376951178,0
14125,43009,1376529368,0
14125,45716,1376951146,1
14126,43008,1376951120,0
14127,57344,1375279102,0
14127,57355,1375279102,0
14127,57344,1375330483,-1
14127,57355,1375330483,-1
14127,52264,1375330483,1
14127,57355,1375330497,0
14127,57344,1375330497,0
14127,57344,1375336494,1
14127,57355,1375336494,1
14127,57355,1375343717,0
14127,57344,1375343717,0
14127,57355,1376951111,1
14128,41668,1376520775,1
14128,42939,1376520775,0
14128,44300,1376951104,1
14128,42823,1376951104,1
14130,43972,1376951096,1
14131,43009,1376949717,1
14131,42784,1376949717,1
14133,42784,1376936836,1
14138,44469,1376871917,1
14141,45307,1376730137,-1
14142,46204,1376720714,1
14144,37827,1374368509,0
14144,45950,1374368509,-1
14144,52268,1374368509,1
14144,52543,1374368509,0
14144,45949,1374368509,-1
14144,45949,1376676625,0
14144,45950,1376676625,0
14144,52268,1376676658,0
14147,37747,1376638422,0
14149,45973,1376610455,-1
14150,42784,1376486027,1
14150,42784,1376603809,1
14152,44067,1376517565,1
14152,44484,1376517565,1
14152,42787,1376529173,1
14152,46066,1376529173,0
14152,57439,1376529173,1
14152,57434,1376529173,0
14153,43009,1374619071,-1
14153,43008,1374619071,0
14153,43007,1374619071,-1
14153,57344,1374619071,-1
14153,58030,1374619071,0
14153,58084,1374619071,-1
14153,57355,1376528545,0
14155,57936,1376505874,0
14155,46132,1376505874,0
14155,46156,1376505874,0
14155,37746,1376505874,0
14155,43972,1376524747,-1
14157,46055,1371193104,1
14157,46120,1371193104,0
14157,46055,1372233332,0
14157,46055,1376518956,-1
14158,46243,1376514177,-1
14158,42725,1376514177,0
14158,39360,1376514177,1
14160,42787,1376511066,1
14160,57439,1376511066,1
14162,44070,1376489709,1
14162,43972,1376489709,1
14164,44464,1376464678,0
14166,41707,1376471032,0
14167,52539,1376466073,0
14167,52261,1376466073,0
14168,57434,1376432206,0
14173,41715,1376420103,1
14174,45307,1376413193,0
14175,44067,1376403285,1
14175,44070,1376403285,1
14175,41715,1376403285,1
14175,43008,1376403285,1
14180,47613,1376395246,-1
14180,47604,1376395246,-1
14181,41768,1376389697,0
14184,46054,1376376391,0
14186,39763,1376355002,1
14186,45947,1376355002,0
14187,44070,1376353215,0
14187,57439,1376353215,1
14189,44483,1376353144,0
14189,44483,1376353157,0
14190,44454,1376327701,1
14190,44473,1376327701,1
14192,44402,1376334635,0
14193,46286,1376331986,1
14195,46071,1376312272,0
14196,45947,1376311333,0
14196,46055,1376311333,1
14196,42655,1376311333,0
14196,39860,1376311333,0
14196,39778,1376311333,0
14198,58084,1376302748,0
14198,43600,1376302748,0
14198,41239,1376302748,0
14198,47011,1376302748,0
14198,41628,1376302748,0
14198,46207,1376302748,1
14198,39323,1376302748,0
14198,41845,1376302748,0
14198,39534,1376302748,0
14198,39187,1376302748,0
14198,44070,1376302748,0
14198,41658,1376302748,0
14198,46204,1376302748,0
14198,57894,1376302748,0
14198,41337,1376302748,0
14198,45307,1376302748,0
14198,46946,1376302748,0
14198,46011,1376302748,0
14198,43831,1376302748,0
14198,47868,1376302748,1
14200,44469,1376280873,0
14201,58084,1376295109,1
14202,44469,1376273590,1
14204,57344,1376278158,0
14204,57426,1376278158,0
14204,57417,1376278158,0
14206,46171,1376263143,1
14207,57434,1375706956,0
14207,46066,1375706956,1
14207,41658,1375706956,1
14207,57434,1376233479,0
14207,46066,1376233479,0
14208,46243,1376178195,1
14209,57344,1376177863,1
14212,42770,1376097226,1
14212,42770,1376097241,0
14214,42955,1376097209,1
14215,57344,1376094174,-1
14217,46286,1376075280,1
14218,57415,1376054342,-1
14221,46071,1376047641,0
14221,46072,1376047641,-1
14221,41341,1376047641,0
14221,41379,1376047641,1
14221,41325,1376047641,1
14221,37855,1376047641,0
14222,57415,1376042276,0
14223,41715,1376040026,0
14224,58084,1376038681,0
14224,46211,1376038681,1
14226,43000,1376037223,1
14227,43972,1376007698,0
14229,44402,1375911950,-1
14229,44433,1375911950,0
14229,44433,1375999333,0
14230,58084,1375995238,1
14231,46192,1375984152,0
14231,46132,1375984152,-1
14231,41558,1375984152,0
14231,41574,1375984152,-1
14235,44476,1375949951,1
14235,44454,1375949951,1
14236,46233,1375959552,0
14237,41715,1375954988,1
14237,42871,1375954988,0
14239,41715,1375932737,1
14240,47683,1375932240,1
14243,43009,1375920700,0
14243,44484,1375928058,0
14243,42770,1375928058,1
14243,43008,1375928058,1
14244,44483,1375923718,0
14249,45923,1375902907,1
14249,45926,1375902907,0
14250,45717,1375877533,0
14252,44483,1375867568,1
14254,46072,1375875912,-1
14256,44483,1375843126,0
14257,57921,1375862307,1
14259,57415,1375860431,1
14260,44469,1375835874,0
14261,43972,1375852233,0
14262,41668,1375846631,0
14263,46211,1375819592,0
14264,44402,1375837319,1
14265,44483,1375829637,0
14265,43008,1375829637,1
14265,40788,1375829637,0
14266,44067,1375828918,1
14266,43008,1375828938,1
14269,42865,1375826697,0
14269,42947,1375826697,1
14269,42787,1375826697,0
14269,43008,1375826697,0
14271,43972,1375825596,1
14272,41668,1375819146,1
14275,41692,1375789640,0
14275,41705,1375789640,-1
14276,57921,1375789618,-1
14278,46137,1375786551,1
14280,45947,1375785071,0
14280,39323,1375785071,-1
14282,39516,1375344258,1
14282,39658,1375778551,0
14282,39663,1375778551,0
14282,39664,1375778551,0
14282,39497,1375778551,1
14282,39555,1375778551,0
14282,39517,1375778551,0
14282,39534,1375778551,1
14283,39213,1375751949,0
14286,57439,1375759381,1
14286,40763,1375759381,0
14286,40302,1375759381,-1
14286,40786,1375759381,-1
14286,44483,1375759381,1
14286,44466,1375759381,-1
14286,44469,1375759381,0
14286,44480,1375759381,0
14287,40139,1375748786,0
14287,46767,1375748786,1
14289,41845,1375737304,1
14289,46119,1375737304,-1
14291,44402,1374173072,1
14291,44402,1375726254,1
14292,46289,1375724388,-1
14294,41715,1375719668,0
14295,46211,1375713100,0
14297,42960,1375704837,0
14297,46286,1375704837,0
14297,46289,1375704837,-1
14299,46204,1375492678,0
14303,51990,1375476823,1
14303,51990,1375476823,1
14303,39344,1375476823,0
14305,46153,1375474847,0
14305,57921,1375474847,-1
14306,46003,1375459437,0
14308,46271,1375446868,1
14309,44067,1375442352,1
14309,43981,1375442352,1
14309,44070,1375442352,1
14310,46054,1375425273,0
14311,58084,1375404431,1
14313,57936,1375399150,1
14313,57921,1375399150,1
14314,57344,1375396422,1
14316,43844,1375394193,0
14318,46983,1375389380,-1
14318,46933,1375389380,0
14318,41337,1375389380,0
14318,41498,1375389380,0
14318,39299,1375389380,-1
14318,46120,1375389380,-1
14321,57415,1375371292,0
14322,46104,1375358938,0
14324,39686,1375346913,1
14324,39776,1375346913,1
14324,45976,1375346913,0
14326,46066,1375339848,1
14326,57434,1375339848,0
14326,46153,1375339848,1
14328,57344,1375325256,1
14328,46051,1375325256,-1
14328,45947,1375325256,1
14328,47598,1375325256,1
14328,46304,1375325256,-1
14328,43008,1375325256,0
14328,44466,1375325256,1
14328,37833,1375325256,1
14328,39865,1375325256,0
14328,41628,1375325256,0
14330,42865,1375315407,1
14330,42871,1375315407,1
14330,42871,1375317829,1
14331,45672,1375313446,1
14334,42955,1375304660,0
14335,41715,1375302832,0
14338,46054,1375276052,0
14338,46204,1375276052,-1
14340,46211,1375270112,1
14341,41715,1375263730,0
14344,45156,1375248182,1
14345,40213,1374696062,-1
14345,40213,1375242336,-1
14345,57344,1375242336,0
14346,46286,1375232885,1
14347,46243,1375232011,1
14348,42960,1375230912,1
14348,43009,1375230912,1
14348,46286,1375230912,1
14352,58084,1374885905,0
14352,58084,1375221062,0
14353,39464,1375218838,-1
14353,46128,1375219853,-1
14355,45943,1375208237,1
14355,45974,1375208237,1
14355,45943,1375211109,-1
14355,45974,1375211109,-1
14355,45943,1375217611,1
14355,45974,1375217611,1
14357,46120,1375207877,-1
14359,41678,1375206803,1
14360,57921,1375204931,0
14360,46078,1375204931,0
14361,46194,1375204126,0
14363,52271,1375193126,1
14366,39344,1375183256,0
14366,39353,1375183256,0
14367,57921,1375179549,0
14370,39486,1375157498,0
14371,44483,1375149616,1
14371,44445,1375149616,1
14373,46286,1375142331,-1
14373,44466,1375142331,0
14374,41865,1375138304,1
14375,44402,1375137009,1
14377,46204,1375133493,1
14377,46211,1375133493,0
14377,45673,1375133493,0
14377,42829,1375133493,0
14377,46271,1375133493,1
14377,58084,1375133493,0
14377,57439,1375133493,-1
14378,46145,1375131355,0
14380,40179,1375123816,0
14380,45666,1375123816,0
14380,45684,1375123816,0
14380,45672,1375123816,0
14380,42786,1375123816,0
14380,44445,1375123816,1
14380,44469,1375123816,-1
14380,44480,1375123816,1
14380,44483,1375123816,0
14380,44466,1375123816,1
14380,57355,1375123816,0
14380,58084,1375123816,-1
14380,46289,1375123816,0
14380,46283,1375123816,0
14381,42736,1375123815,0
14381,58084,1375123815,1
14382,37747,1375121799,0
14384,58084,1375104060,0
14387,46153,1375103180,1
14388,45717,1375099015,-1
14390,44483,1375095886,0
14393,40073,1375091181,0
14393,37747,1375091181,1
14393,58092,1375091181,0
14393,57936,1375091181,1
14393,57344,1375091181,0
14395,46119,1375066251,1
14397,39791,1375076640,1
14397,46009,1375076640,0
14397,45943,1375076640,1
14398,44469,1375047263,0
14401,44483,1374928397,1
14403,46976,1374934950,1
14403,37747,1374934950,1
14406,46211,1374876465,1
14406,46243,1374876465,0
14406,45973,1374876465,0
14406,42757,1374876465,0
14406,44464,1374876465,-1
14413,57351,1374834640,-1
14413,57415,1374834640,1
14414,46011,1374834606,1
14416,57354,1374816689,0
14419,46134,1374795563,0
14422,46286,1374793077,-1
14423,41379,1374793059,1
14426,57439,1374773534,0
14427,46243,1374760059,0
14427,58084,1374760059,0
14427,43000,1374760059,0
14427,39217,1374760059,0
14427,39453,1374760059,1
14427,46055,1374760059,1
14427,46982,1374760059,0
14427,57664,1374760059,0
14427,39925,1374760059,0
14427,39220,1374760059,0
14427,46054,1374760059,0
14427,46211,1374760059,-1
14427,44469,1374760059,0
14427,58009,1374760059,0
14427,39922,1374760059,0
14427,45947,1374760059,0
14427,40994,1374760059,0
14427,47011,1374760059,0
14427,37863,1374760059,0
14427,43600,1374760059,0
14428,44469,1374754248,1
14429,46243,1374752420,0
14429,58084,1374752420,1
14429,40994,1374752420,1
14429,43000,1374752420,0
14431,37747,1374744522,1
14432,45949,1374743759,0
14434,44483,1374718002,1
14434,57439,1374718002,0
14435,46096,1374717990,-1
14435,46095,1374717990,0
14435,44483,1374717990,1
14435,44067,1374717990,0
14435,44445,1374717990,-1
14435,40302,1374717990,0
14435,57996,1374717990,0
14435,57997,1374717990,1
14435,57998,1374717990,0
14435,57355,1374717990,0
14437,42937,1374701947,0
14437,45774,1374701947,0
14437,42935,1374701947,0
14437,44067,1374716188,0
14438,57439,1374684568,1
14438,57439,1374702780,-1
14438,57439,1374713488,1
14442,44400,1374699323,1
14444,57996,1374684521,0
14444,57986,1374684521,0
14444,45716,1374684521,-1
14444,42866,1374684521,0
14444,42871,1374684521,0
14444,42865,1374684521,1
14444,42966,1374684521,0
14444,42947,1374684521,1
14444,57439,1374684539,1
14444,57355,1374684539,1
14444,52269,1374684539,0
14444,42868,1374684539,0
14444,42866,1374684539,1
14444,42871,1374684539,1
14444,42960,1374684539,0
14445,41455,1374676431,0
14445,57921,1374676431,1
14446,41761,1374670029,0
14446,41758,1374670029,0
14446,41784,1374670029,0
14446,41768,1374670029,1
14446,41362,1374670029,0
14446,41366,1374670029,0
14446,39814,1374670029,1
14446,45947,1374670029,0
14446,47607,1374670029,1
14446,46289,1374670029,-1
14446,47598,1374670029,0
14446,58154,1374670029,1
14447,45036,1374667666,-1
14450,37747,1374654829,-1
14450,46019,1374654829,0
14450,46289,1374654829,1
14450,46045,1374654829,0
14450,44237,1374654829,0
14450,38071,1374654829,0
14450,43008,1374654829,0
14450,46088,1374654829,0
14450,58030,1374654829,0
14450,46089,1374654829,0
14450,58158,1374654829,0
14450,46976,1374654829,1
14450,45166,1374654829,0
14450,46207,1374654829,0
14450,57936,1374654829,-1
14450,46304,1374654829,0
14450,43009,1374654829,0
14450,46090,1374654829,0
14450,46271,1374654829,-1
14450,42770,1374654829,-1
14453,46289,1374623806,-1
14454,58030,1374617974,0
14456,43009,1374538470,0
14456,43009,1374539193,0
14456,58084,1374617194,1
14456,43007,1374617194,1
14456,43009,1374617194,1
14456,43008,1374617194,1
14458,58084,1374615659,0
14459,58084,1374602679,0
14461,57936,1374593859,-1
14462,46207,1374591315,0
14464,46019,1374585279,0
14464,46045,1374585279,0
14465,37747,1374566894,1
14465,46076,1374566894,0
14471,44397,1374533117,0
14473,39576,1374524667,0
14474,45949,1374514122,-1
14478,46156,1373549600,1
14478,46153,1373549600,1
14478,46153,1374470628,1
14478,46156,1374470628,-1
14480,43009,1374347815,-1
14480,57439,1374347815,-1
14481,45938,1374319425,1
14483,44433,1374173072,0
14483,44433,1374281220,0
14485,46054,1374275801,0
14485,44402,1374275801,1
14486,41715,1374265579,1
14486,46271,1374265579,-1
14486,46054,1374265579,0
14487,41628,1374241083,1
14489,46767,1374239736,1
14491,58084,1374230076,1
14492,41668,1374230050,1
14492,41865,1374230050,0
14492,46205,1374230050,1
14493,45717,1374229928,0
14495,41715,1374225013,0
14496,57434,1374219201,0
14497,46095,1374215132,0
14497,46289,1374215132,0
14497,39603,1374215132,1
14499,44399,1374191001,0
14499,44402,1374191001,1
14501,41715,1374188419,1
14504,44483,1374170394,1
14505,37727,1374162957,1
14507,45947,1374152483,0
14509,41608,1374140549,1
14511,43833,1374140060,0
14511,46051,1374140060,0
14511,57936,1374140060,1
14513,44483,1374105531,0
14515,44445,1374088168,0
14516,46298,1374085539,1
14517,39579,1374083924,0
14517,39633,1374083924,0
14517,39581,1374083924,0
14517,39582,1374083924,0
14517,39580,1374083924,0
14518,44469,1374060599,1
14518,43972,1374060599,0
14518,40213,1374060599,0
14518,57344,1374060599,0
14520,46120,1372426554,-1
14520,41337,1372426554,0
14520,46120,1372456712,1
14520,41337,1372456712,0
14520,41329,1374054753,0
14520,41337,1374054753,1
14520,46120,1374054753,-1
14520,46933,1374054753,0
14521,46296,1374044956,-1
14523,46055,1374035771,-1
14523,57921,1374035771,0
14524,40321,1374022810,0
14525,41509,1374020811,0
14525,46198,1374020811,-1
14527,46205,1374016491,1
14529,37747,1374014887,-1
14529,46723,1374014887,1
14530,57439,1374010949,1
14532,41231,1373997182,1
14532,39133,1373997182,0
14532,46072,1373997182,1
14532,43554,1373997182,1
14532,41231,1373997186,-1
14532,42617,1373997186,0
14532,37863,1373997186,0
14532,43554,1373997186,-1
14532,46072,1373997186,1
14532,46974,1373997186,0
14532,46211,1373997186,1
14532,39327,1374005863,0
14534,47657,1373990403,0
14535,40213,1373982271,0
14535,43972,1373982271,0
14537,46271,1373962511,-1
14537,46271,1373964028,-1
14537,46271,1373966638,1
14539,46211,1373956288,1
14540,46207,1373938035,1
14541,45973,1373935089,1
14541,45974,1373935089,0
14542,47669,1373929712,1
14543,39217,1373913346,1
14543,39152,1373913346,0
14545,46285,1373909077,0
14548,46055,1373885207,-1
14550,42984,1373881828,-1
14550,57989,1373881828,1
14552,44469,1373876256,0
14553,38072,1373872372,0
14553,40102,1373872372,-1
14553,43972,1373872372,-1
14553,43963,1373872372,1
14553,43984,1373872372,-1
14554,46120,1373862165,0
14555,57921,1373858330,1
14557,45684,1373706435,0
14557,42829,1373706435,0
14557,37830,1373706435,0
14557,40770,1373706435,0
14557,58084,1373706435,0
14557,57439,1373706435,1
14557,45943,1373706435,-1
14557,46289,1373706435,0
14558,58084,1373667621,1
14559,46211,1373667576,1
14559,42935,1373667576,1
14559,42934,1373667576,1
14559,42937,1373667576,1
14559,45774,1373667576,1
14561,58011,1373628030,0
14563,46211,1371706718,0
14563,57936,1371706718,1
14563,40073,1371706718,0
14563,58092,1371706718,1
14563,39609,1371706718,1
14563,57417,1371706718,1
14563,39817,1371706718,1
14563,46017,1371706718,-1
14563,46288,1373622565,0
14563,39507,1371706718,1
14563,41624,1371706718,1
14563,45947,1371706718,1
14563,46246,1371706718,1
14563,46288,1371706718,0
14563,37747,1371706718,1
14563,39630,1371706718,1
14563,41835,1371706718,0
14563,46095,1371706718,1
14563,46289,1373622565,1
14563,39159,1371706718,1
14565,45943,1373617080,-1
14566,41865,1373610610,1
14566,37747,1373610610,1
14567,40102,1371661933,0
14567,40088,1371661933,0
14567,57921,1371661933,0
14567,40175,1371661933,0
14567,46930,1371661933,0
14567,57969,1373589852,0
14567,57936,1371661933,1
14567,43846,1371661933,1
14567,40135,1371661933,0
14567,40150,1371661933,0
14567,46119,1371661933,1
14567,40168,1371661933,0
14567,43857,1371661933,1
14567,42770,1373589852,1
14567,40173,1371661933,0
14567,45716,1371661933,1
14567,58351,1371661933,-1
14567,46984,1371661933,0
14567,46153,1371661933,0
14567,46211,1371661933,1
14569,44399,1373585231,0
14571,57921,1373560677,0
14574,57434,1373551668,-1
14574,46283,1373551668,1
14578,46204,1373543742,1
14579,43780,1373538951,1
14580,42784,1373532417,0
14581,39481,1373532137,0
14581,39326,1373532137,0
14581,39328,1373532137,0
14581,39482,1373532137,1
14581,41364,1373532137,1
14581,41282,1373532137,1
14581,45944,1373532137,-1
14581,46211,1373532137,0
14581,46920,1373532137,0
14581,46897,1373532137,0
14583,37747,1373530811,-1
14584,46211,1373529505,0
14585,58044,1373519499,-1
14585,58084,1373519499,1
14587,37747,1373517370,1
14589,46298,1373495784,1
14592,46243,1373493167,0
14593,46042,1373489514,0
14593,46013,1373489514,0
14595,44464,1373477672,1
14595,44539,1373477672,0
14596,46120,1373464856,0
14597,44469,1373459322,-1
14597,47683,1373459322,1
14599,46077,1373454848,0
14599,47004,1373454848,0
14599,58215,1373454848,0
14600,46060,1373451657,0
14602,46054,1373438604,0
14602,58034,1373438604,1
14602,41379,1373438604,1
14603,40269,1373421039,-1
14604,41715,1373413012,1
14605,58154,1373384904,0
14605,46078,1373384904,-1
14607,41570,1373371026,0
14607,46194,1373371026,0
14609,46132,1373354439,-1
14609,46190,1373354439,1
14610,58121,1373350596,0
14611,37747,1373345338,-1
14612,46286,1373323443,1
14616,47683,1373298469,1
14616,44469,1373298469,1
14617,58084,1373283155,1
14619,46120,1373276952,1
14621,47695,1373267979,1
14621,47664,1373267979,1
14621,47652,1373267979,1
14621,44469,1373267979,0
14626,46145,1373011349,1
14627,46051,1373010596,0
14630,46120,1372934472,1
14632,57344,1372928081,-1
14633,46204,1372927988,-1
14634,56231,1372916481,0
14634,56642,1372912279,0
14634,56388,1372916481,0
14634,55822,1372916481,0
14634,56221,1372912279,0
14634,55919,1372916481,0
14634,56411,1372916481,0
14634,56497,1372912279,0
14634,56367,1372912279,0
14634,55844,1372916481,0
14634,56479,1372916481,0
14634,56044,1372912279,0
14634,56000,1372916481,0
14634,56023,1372916481,0
14634,56625,1372916481,0
14634,55864,1372916481,0
14634,56491,1372916481,0
14634,56190,1372916481,0
14634,56417,1372912279,0
14634,55760,1372916481,0
14638,56876,1372912722,0
14638,57024,1372912722,0
14638,56854,1372912722,1
14638,56810,1372912722,0
14638,56856,1372912722,1
14640,56808,1372911401,1
14642,46288,1372884486,1
14643,37747,1372860542,0
14644,43001,1372858980,0
14644,42945,1372858980,1
14646,58092,1372857022,0
14646,58226,1372857022,0
14646,57936,1372857022,-1
14646,37747,1372857022,1
14647,41715,1372852105,-1
14648,44469,1372746650,0
14648,44469,1372850961,0
14651,46051,1372808218,1
14651,46243,1372808218,1
14653,39809,1372798480,-1
14653,46013,1372798480,1
14653,45973,1372798480,1
14653,46042,1372798480,1
14653,45973,1372805269,1
14655,56854,1372803529,1
14655,57001,1372803529,0
14656,46245,1372791076,1
14657,46243,1372790956,-1
14657,46245,1372790956,1
14657,57982,1372790956,0
14658,40155,1372771066,-1
14659,39568,1372767958,1
14659,42661,1372767958,0
14659,40166,1372767958,0
14659,45307,1372767958,0
14659,47017,1372767958,0
14659,46767,1372767958,1
14661,44464,1372766469,1
14663,44469,1372746630,0
14664,46055,1372720663,1
14664,57921,1372720663,1
14665,46120,1372716799,0
14669,46211,1372703878,0
14669,39573,1372703878,1
14669,46767,1372703878,0
14670,58084,1372702270,0
14672,45307,1372685820,1
14672,46767,1372685820,0
14673,47683,1372679852,1
14673,44469,1372679852,1
14674,57936,1372584212,1
14675,47657,1372562981,0
14675,44469,1372562981,1
14675,44466,1372562981,0
14678,46243,1372467288,-1
14679,57344,1372464573,-1
14680,42758,1372463526,0
14680,42770,1372463526,1
14683,46055,1372426555,0
14684,46153,1372426555,0
14684,46055,1372426555,-1
14684,41432,1372426555,1
14684,41321,1372426555,-1
14686,46122,1357432056,0
14686,46111,1357432056,0
14686,45095,1357432056,0
14686,45100,1357432056,0
14686,45260,1357432056,0
14686,45104,1357432056,0
14686,45264,1357432056,0
14686,45255,1357432056,0
14686,46108,1357432056,0
14686,60669,1357432056,1
14686,60670,1357432056,0
14686,60671,1357432056,0
14686,60673,1357432056,0
14686,60666,1357432056,0
14686,60674,1357432056,0
14687,46145,1372401513,0
14691,41458,1372378214,1
14692,56854,1372373966,-1
14693,56854,1372373371,-1
14694,58255,1372370551,0
14696,46072,1372359737,1
14697,45929,1372357961,1
14699,41759,1372329099,0
14699,47598,1372329099,1
14701,46303,1372255404,0
14705,41285,1372242741,1
14707,46054,1372242400,0
14707,58031,1372242400,0
14707,46289,1372242400,-1
14708,57648,1372241688,0
14708,57417,1372241688,1
14708,57415,1372241688,1
14708,57419,1372241688,0
14708,57350,1372241688,1
14708,57418,1372241688,0
14708,57415,1372241757,-1
14709,46055,1372238976,0
14712,46055,1372224099,0
14714,47669,1372169600,1
14714,44464,1372169600,0
14714,44473,1372169600,0
14714,44469,1372169600,1
14715,44464,1372167924,-1
14715,47669,1372167924,1
14717,44469,1372165980,1
14719,39453,1372113410,-1
14722,46190,1372076909,1
14722,41574,1372076909,1
14724,46055,1372056091,1
14725,46191,1372074629,0
14726,46120,1372071122,1
14730,37816,1372061221,1
14730,57921,1372061220,1
14730,41583,1372061220,1
14730,46207,1372061220,0
14730,46153,1372061220,1
14730,39762,1372061220,1
14730,39275,1372061220,1
14730,45266,1372061221,1
14730,46929,1372061220,0
14730,45947,1372061220,0
14730,40148,1372061220,0
14730,46055,1372061220,0
14730,46133,1372061220,1
14730,57344,1372061220,1
14730,44469,1372061221,1
14730,46108,1372061221,1
14730,47012,1372061220,0
14730,46982,1372061220,0
14730,40213,1372061221,1
14730,41528,1372061220,1
14732,37747,1372055995,0
14735,47691,1372052176,-1
14738,39584,1372044776,0
14738,39585,1372044776,0
14740,57415,1371897295,1
14742,45973,1371856239,1
14742,46013,1371856239,-1
14743,46153,1371853740,0
14743,45156,1371853740,-1
14747,46243,1371775871,1
14750,45154,1371758492,-1
14750,42644,1371758492,1
14751,45973,1371749879,1
14752,45156,1371749879,0
14752,46054,1371749879,0
14753,46190,1371728166,1
14753,46191,1371728166,0
14753,57921,1371728166,0
14757,46120,1371710372,0
14757,46120,1371719073,1
14758,57946,1371707902,1
14758,57946,1371708026,0
14759,40191,1371707115,0
14759,42868,1371707115,0
14759,52266,1371707115,0
14759,46095,1371707115,0
14759,45973,1371707115,0
14759,46257,1371707115,0
14759,40170,1371707115,0
14759,47860,1371707115,0
14759,46245,1371707115,0
14759,41640,1371707115,0
14759,46246,1371707115,0
14759,44445,1371707115,0
14759,46266,1371707115,0
14759,58382,1371707115,0
14759,46243,1371707115,0
14759,39919,1371707115,0
14759,58378,1371707115,0
14759,57350,1371707115,0
14759,41620,1371707115,0
14759,41628,1371707115,0
14761,45947,1371706130,1
14764,41656,1371695601,0
14764,46052,1371695601,0
14764,42935,1371695601,0
14764,42848,1371695601,0
14764,57921,1371695601,0
14764,39586,1371695601,0
14764,41027,1371695601,0
14764,46207,1371695601,0
14764,42787,1371695601,0
14764,40994,1371695601,0
14764,45943,1371695601,0
14764,39246,1371695601,0
14764,47860,1371695601,0
14764,57982,1371695601,0
14764,41628,1371695601,0
14764,40198,1371695601,0
14764,46952,1371695601,0
14764,42842,1371695601,0
14764,40172,1371695601,0
14764,42943,1371695601,0
14767,46256,1371685827,-1
14767,40088,1371685827,-1
14767,44240,1371685827,1
14767,39797,1371685827,1
14767,40196,1371685827,0
14767,46040,1371685827,0
14767,40173,1371685827,-1
14767,39807,1371685827,0
14767,42823,1371685827,0
14767,41654,1371685827,0
14767,58084,1371685827,1
14767,42848,1371685827,0
14767,39301,1371685827,-1
14767,41583,1371685827,1
14767,39355,1371685827,-1
14767,45974,1371685827,0
14767,37830,1371685827,0
14767,52543,1371685827,-1
14767,44279,1371685827,0
14767,46286,1371685827,-1
14771,46031,1371588877,0
14771,42947,1371251685,0
14771,52266,1371506444,-1
14771,40033,1371506444,0
14771,43834,1371251685,0
14771,43018,1371506444,0
14771,46245,1371506444,0
14771,41002,1371251685,0
14771,46171,1371251685,0
14771,41839,1371577297,1
14771,41620,1371506444,-1
14771,41615,1371506444,0
14771,37749,1371506444,0
14771,39586,1371506444,-1
14771,42936,1371251685,0
14771,46243,1371251685,0
14771,57434,1371506444,1
14771,41625,1371577297,0
14771,46243,1371577297,-1
14771,58382,1371506444,0
14772,46926,1371641354,0
14772,46120,1371641354,1
14774,39362,1371573950,-1
14774,42935,1371573950,0
14774,42930,1371573950,0
14774,41630,1371573950,0
14774,37747,1371573950,1
14774,46137,1371573950,0
14774,44548,1371573950,0
14774,41638,1371573950,0
14774,41621,1371573950,0
14774,58158,1371573950,0
14774,39375,1371573950,-1
14774,57946,1371573950,0
14774,57921,1371573950,-1
14774,41676,1371573950,0
14774,46264,1371573950,0
14774,57110,1371573950,0
14774,40295,1371573950,0
14774,58298,1371573950,0
14774,58091,1371573950,0
14774,58012,1371573950,0
14778,52054,1371542575,0
14778,46290,1370238483,-1
14778,46243,1370238483,-1
14778,39791,1371542575,1
14778,39823,1370066582,1
14778,46009,1371542575,0
14778,39302,1370238483,-1
14778,46045,1371542575,0
14778,41608,1370066582,-1
14778,46027,1370066582,0
14778,57936,1370066582,0
14778,39716,1371542575,1
14778,39302,1370066582,1
14778,37833,1370238483,0
14778,39823,1370238483,-1
14778,58084,1371542575,1
14778,43972,1371542575,1
14778,43972,1370066582,1
14778,46040,1371542575,0
14778,43974,1370066582,1
14780,37747,1371513572,0
14782,46243,1371509872,1
14784,41620,1371494973,1
14784,41647,1371494973,0
14784,42875,1371494973,0
14784,46248,1371494973,0
14784,44540,1371494973,0
14784,52271,1371494973,1
14784,46286,1371494973,-1
14784,43002,1371494973,0
14784,46238,1371494973,0
14784,52266,1371494973,1
14784,41638,1371494973,0
14784,41666,1371494973,1
14784,42930,1371494973,0
14784,43008,1371494973,1
14784,46271,1371494973,-1
14784,57440,1371494973,0
14784,46066,1371494973,-1
14784,41614,1371494973,0
14784,58018,1371494973,0
14784,57987,1371494973,0
14787,39275,1371489043,0
14787,46055,1371489043,1
14792,44480,1371259580,1
14792,57439,1371259580,1
14793,44067,1371258920,1
14796,44067,1371256553,0
14800,46153,1362003626,-1
14800,46194,1362003626,1
14800,46156,1362003626,1
14800,46119,1362003626,-1
14800,46120,1362003626,0
14800,57921,1362003626,-1
14800,58471,1362003626,0
14800,46153,1371164715,0
14800,52556,1371164715,1
14800,52340,1371164715,1
14801,57426,1371121256,1
14801,57344,1371121256,0
14801,57936,1371121256,1
14801,58092,1371121256,1
14801,46095,1371121256,0
14801,44469,1371121256,0
14801,44547,1371121256,0
14801,40073,1371121256,0
14802,39725,1371114454,0
14802,45947,1371114454,1
14803,44469,1371114019,0
14804,44469,1371107947,0
14806,46055,1371101832,0
14807,41654,1371101370,0
14807,38028,1371101370,0
14807,41624,1371101370,0
14807,40197,1371101370,0
14807,40189,1371101370,0
14807,58012,1371101370,0
14807,42829,1371101370,0
14807,41028,1371101370,0
14807,58375,1371101370,0
14807,42937,1371101370,0
14807,41622,1371101370,0
14807,43007,1371101370,0
14807,57416,1371101370,0
14807,52270,1371101370,0
14807,43834,1371101370,0
14807,39504,1371101370,0
14807,41043,1371101370,0
14807,47216,1371101370,0
14807,46260,1371101370,0
14807,42953,1371101370,0
14809,46917,1371043126,0
14811,58084,1371036701,0
14811,58401,1371036701,1
14812,46055,1371034676,1
14812,46917,1371034676,0
14812,52340,1371034676,1
14813,57351,1371031037,-1
14813,37747,1371031037,1
14814,57351,1371030110,1
14815,41285,1371029519,0
14819,46273,1371017530,0
14820,40213,1371015947,-1
14821,41615,1371013324,0
14821,44454,1371013324,0
14821,46111,1371013324,0
14821,43979,1371013324,0
14821,44480,1371013324,0
14821,58322,1371013324,0
14821,46041,1371013324,0
14821,46260,1371013324,0
14821,42830,1371013324,0
14821,42658,1371013324,0
14821,39443,1371013324,0
14821,57344,1371013324,0
14821,42939,1371013324,0
14821,37743,1371013324,0
14821,39605,1371013324,0
14821,40170,1371013324,0
14821,46055,1371013324,0
14821,46205,1371013324,0
14821,39809,1371013324,0
14821,41614,1371013324,0
14823,46120,1370932685,1
14824,56818,1370928529,0
14825,41645,1370874616,-1
14827,41776,1369727003,0
14827,47598,1369727003,1
14827,41768,1370869208,1
14827,47604,1370869208,1
14827,47613,1370869208,0
14827,45947,1370869208,0
14828,46066,1370863130,1
14829,41432,1370846674,1
14831,41531,1370846588,0
14831,46120,1370846588,0
14831,46119,1370846588,0
14831,46171,1370846588,0
14831,46984,1370846588,0
14831,46930,1370846588,0
14832,44469,1370842441,1
14835,43009,1370605674,0
14836,46120,1370605099,0
14836,52556,1370605099,-1
14836,52340,1370605099,-1
14837,46120,1370604280,1
14837,52556,1370604280,1
14837,52340,1370604280,1
14840,43009,1369082462,-1
14840,41446,1368125681,0
14840,46145,1370560069,-1
14840,40978,1369102736,0
14840,37832,1369082462,0
14840,46767,1370560069,1
14840,38071,1368125681,0
14840,39919,1369334367,1
14840,44466,1370560069,0
14840,44070,1368653029,0
14840,47870,1368653029,1
14840,40190,1369082462,0
14840,43777,1370560069,0
14840,45947,1369102736,-1
14840,40197,1370560069,0
14840,47639,1370560069,0
14840,58218,1369161834,0
14840,41625,1370560069,0
14840,41620,1369082462,-1
14840,40831,1369082462,1
14846,37747,1370509385,0
14846,37743,1370509385,0
14846,44464,1370509385,0
14846,46145,1370509385,0
14847,37747,1370443411,0
14850,45024,1370435323,0
14850,45038,1370435323,0
14850,45036,1370435323,0
14850,41715,1370435323,-1
14850,41282,1370435323,0
14850,37747,1370435323,1
14850,39740,1370435323,0
14850,45947,1370435323,0
14850,46211,1370435323,-1
14850,46767,1370435323,-1
14851,46211,1370434261,1
14853,45038,1370427096,1
14853,45036,1370427096,0
14853,45024,1370427096,-1
14854,41715,1370425444,1
14855,46767,1370424723,1
14856,41282,1370423231,1
14859,45307,1370414436,-1
14861,42644,1370382083,0
14861,45154,1370382083,0
14863,46145,1370378754,1
14866,46767,1370352197,1
14867,46145,1370342500,0
14869,39257,1370336200,0
14870,46153,1370335797,1
14872,43776,1370256707,0
14872,45949,1370276478,1
14872,43773,1370276478,0
14873,46153,1370267547,-1
14873,57344,1370267547,0
14873,44469,1370267547,0
14873,40213,1370267547,0
14874,46153,1370266741,1
14874,58406,1370266741,0
14874,58151,1370266741,1
14877,46212,1370253947,0
14878,46191,1370251685,0
14880,46243,1370234403,1
14884,44464,1370025063,0
14884,44540,1370025063,0
14885,44464,1370015368,1
14885,44466,1370015368,1
14885,44469,1370015368,1
14885,40025,1370015368,0
14885,58084,1370015368,1
14885,47680,1370015368,-1
14885,47661,1370015368,0
14885,47657,1370015368,1
14885,47683,1370015368,1
14885,47669,1370015368,1
14888,39570,1370007520,0
14888,42658,1370007520,0
14888,46767,1370007520,1
14888,46296,1370007520,1
14889,45947,1370007519,1
14890,46111,1369833876,1
14890,46111,1370007518,-1
14892,39443,1370002759,0
14893,44454,1369987425,1
14893,44464,1369987425,1
14893,47655,1369987425,1
14893,41715,1369987426,1
14895,46072,1369985336,0
14895,43780,1369985336,0
14895,43777,1369985336,0
14895,46073,1369985336,0
14897,58276,1369950655,0
14897,41672,1369950655,0
14897,57416,1369950655,0
14897,44296,1369950655,0
14897,40086,1369950655,0
14897,45168,1369950655,0
14897,45036,1369950655,0
14897,42939,1369950655,0
14897,41026,1369950655,0
14897,39610,1369950655,0
14897,58189,1369950655,0
14897,57351,1369950655,0
14897,58273,1369950655,0
14897,57424,1369950655,0
14897,39361,1369950655,0
14897,39605,1369950655,0
14897,58378,1369950655,0
14897,40980,1369950655,0
14897,58411,1369950655,0
14897,39175,1369950655,0
14899,46296,1369948218,-1
14899,41026,1369948218,0
14899,46971,1369948218,-1
14899,45934,1369948218,0
14899,39643,1369948218,0
14899,46204,1369948218,0
14899,46153,1369948218,-1
14899,41645,1369948218,0
14899,42830,1369948218,-1
14899,42849,1369948218,-1
14899,39149,1369948218,1
14899,42963,1369948218,0
14899,45168,1369948218,0
14899,40206,1369948218,0
14899,41656,1369948218,0
14899,42934,1369948218,-1
14899,46243,1369948218,-1
14899,39809,1369948218,1
14899,46287,1369948218,0
14899,42930,1369948218,0
14901,58084,1369914644,1
14903,37747,1369834326,1
14903,37832,1369834326,0
14903,46054,1369834326,0
14903,46095,1369834326,1
14903,57417,1369834326,0
14903,57344,1369906868,-1
14907,37747,1368685356,1
14907,37747,1369898673,1
14908,39458,1369875572,0
14908,46723,1369875572,1
14908,47004,1369875572,-1
14909,46296,1369867659,1
14909,40098,1369867659,0
14909,37747,1369867659,-1
14909,45774,1369867659,0
14909,39149,1369867659,-1
14909,52340,1369867659,0
14909,39506,1369867659,0
14909,58318,1369867659,0
14909,57350,1369867659,1
14909,52266,1369867659,1
14909,46238,1369867659,0
14909,46287,1369867659,0
14909,57416,1369867659,0
14909,40077,1369867659,1
14909,46983,1369867659,0
14909,57438,1369867659,0
14909,45717,1369867659,0
14909,46111,1369867659,-1
14909,45974,1369867659,0
14909,45716,1369867659,-1
14911,46767,1369833875,1
14911,47017,1369833876,1
14913,52316,1369782093,0
14913,46747,1369782093,0
14913,57921,1369782093,-1
14913,46119,1369782093,1
14913,46204,1369782093,1
14913,46298,1369782093,1
14913,39588,1369782093,0
14913,37747,1369782093,1
14913,46046,1369782093,1
14913,39603,1369782093,0
14913,46194,1369782093,1
14913,39149,1369782093,1
14913,46120,1369782093,1
14913,39449,1369782093,1
14913,39175,1369782093,0
14913,45949,1369782093,0
14913,39721,1369782093,1
14913,45973,1369782093,0
14913,46211,1369782093,1
14913,46200,1369782093,1
14918,39221,1369738326,0
14921,46296,1369660481,-1
14921,46983,1369660481,0
14921,57921,1369660481,0
14921,58218,1369660481,0
14921,46194,1369660481,1
14921,46171,1369660481,1
14921,46120,1369660481,1
14923,39791,1369659329,1
14923,46040,1369659329,0
14923,46009,1369659329,0
14924,41715,1369643537,1
14925,39654,1369640889,1
14927,39609,1369559992,1
14927,57936,1369559992,0
14927,57438,1369559992,0
14927,58382,1369559992,0
14927,46266,1369559992,0
14927,46145,1369559992,0
14927,43972,1369559992,-1
14927,42947,1369559992,-1
14927,58273,1369559992,1
14927,45716,1369559992,1
14927,57424,1369559992,0
14927,41678,1369559992,1
14927,57351,1369559992,0
14927,42954,1369559992,0
14927,45774,1369559992,0
14927,41615,1369559992,0
14927,41627,1369559992,-1
14927,46017,1369559992,-1
14927,46243,1369559992,-1
14927,44299,1369559992,1
14929,44464,1369447252,-1
14929,40174,1369447252,0
14929,39605,1369447252,1
14929,43008,1369447252,1
14929,46260,1369447252,0
14929,40170,1369447252,0
14929,41622,1369447252,0
14929,40077,1369447252,1
14929,46952,1369447252,0
14929,58091,1369447252,0
14929,52266,1369447252,1
14929,46072,1369447252,0
14929,42954,1369447252,0
14929,46250,1369447252,0
14929,46238,1369447252,0
14929,40189,1369447252,-1
14929,58378,1369447252,0
14929,42849,1369447252,1
14929,58031,1369447252,0
14929,39361,1369447252,0
14931,39487,1369440511,1
14932,39541,1369439204,1
14934,46258,1369432872,0
14934,42832,1369432872,1
14934,39362,1369432872,1
14934,43017,1369432872,0
14934,51990,1369432872,-1
14934,45934,1369432872,0
14934,41666,1369432872,-1
14934,57982,1369432872,0
14934,46287,1369432872,0
14934,46248,1369432872,0
14934,45973,1369432872,-1
14934,46257,1369432872,0
14934,40024,1369432872,0
14934,58326,1369432872,0
14934,40086,1369432872,0
14934,42984,1369432872,0
14934,39650,1369432872,0
14934,40188,1369432872,0
14934,46041,1369432872,0
14934,46072,1369432872,0
14936,45761,1369419045,0
14936,45943,1369419045,-1
14936,57416,1369419045,-1
14936,46254,1369419045,-1
14936,41678,1369419045,-1
14936,45947,1369419045,-1
14936,41666,1369419045,1
14936,41624,1369419045,1
14936,39809,1369419045,-1
14936,39919,1369419045,-1
14936,46248,1369419045,0
14936,46289,1369419045,-1
14936,39624,1369419045,0
14936,47011,1369419045,0
14936,44284,1369419045,0
14936,57444,1369419045,1
14936,41715,1369419045,-1
14936,46286,1369419045,-1
14936,44480,1369419045,1
14936,43002,1369419045,0
14938,37830,1369415384,0
14938,39506,1369415384,0
14938,57440,1369415384,0
14938,57350,1369415384,0
14938,46238,1369415384,0
14938,39919,1369415384,0
14938,40831,1369415384,0
14938,40170,1369415384,0
14938,43299,1369415384,0
14938,44454,1369415384,0
14938,57982,1369415384,0
14938,57434,1369415384,0
14938,46260,1369415384,0
14938,40841,1369415384,0
14938,46041,1369415384,0
14938,45168,1369415384,0
14938,41624,1369415384,0
14938,42963,1369415384,0
14938,39454,1369415384,1
14938,46264,1369415384,0
14941,46976,1369393863,1
14941,39624,1369393863,0
14941,37747,1369393863,1
14942,37747,1369391786,1
14944,45947,1369391449,1
14945,46055,1369385926,0
14946,41678,1369379238,0
14946,41715,1369379238,0
14947,41705,1369379238,1
14948,46119,1369375069,1
14949,45266,1369371612,0
14949,45264,1369371612,0
14949,46108,1369371612,1
14949,52340,1369371612,1
14951,42865,1369360003,-1
14951,40304,1369360003,1
14951,39362,1369360003,1
14951,43299,1369360003,-1
14951,40077,1369360003,-1
14951,45716,1369360003,1
14951,57416,1369360003,1
14951,41676,1369360003,0
14951,46051,1369360003,0
14951,46041,1369360003,0
14951,41628,1369360003,0
14951,45943,1369360003,1
14951,42984,1369360003,0
14951,58084,1369360003,1
14951,57936,1369360003,1
14951,46211,1369360003,1
14951,58378,1369360003,0
14951,41640,1369360003,1
14951,45973,1369360003,-1
14951,42963,1369360003,0
14954,46273,1369355005,0
14955,58186,1369352956,0
14955,42832,1369352956,-1
14955,52355,1369352956,1
14955,39924,1369352956,0
14955,46246,1369082383,0
14955,44240,1369352956,1
14955,41231,1369352956,-1
14955,42954,1369082383,0
14955,43981,1369352956,0
14955,46983,1369352956,0
14955,40318,1369082383,0
14955,40172,1369082383,0
14955,42943,1369352956,0
14955,42849,1369352956,1
14955,41627,1369352956,1
14955,42984,1369352956,0
14955,39625,1369082383,0
14955,46952,1369352956,0
14955,40978,1369352956,0
14955,46095,1369082383,0
14957,46289,1369351987,1
14958,45947,1369350417,1
14958,46145,1369350417,1
14958,39527,1369350417,1
14958,39755,1369350417,1
14959,58279,1369344940,0
14959,57415,1369344940,0
14959,39539,1369344940,0
14959,57417,1369344940,0
14959,39362,1369344940,0
14959,45074,1369344940,0
14959,42865,1369344940,0
14959,52340,1369344940,0
14959,39610,1369344940,0
14959,46266,1369344940,0
14959,39809,1369344940,0
14959,46122,1369344940,0
14959,41433,1369344940,0
14959,44299,1369344940,0
14959,40033,1369344940,0
14959,41656,1369344940,0
14959,56779,1369344940,0
14959,43002,1369344940,0
14959,46124,1369344940,0
14959,46095,1369344940,0
14961,46723,1369342120,1
14961,56807,1369342120,0
14961,46243,1369342120,-1
14961,44284,1369342120,0
14961,52135,1369342120,-1
14961,58318,1369342120,0
14961,46287,1369342120,0
14961,39609,1369342120,1
14961,37832,1369342120,0
14961,40994,1369342120,-1
14961,46250,1369342120,0
14961,56865,1369342120,0
14961,42945,1369342120,0
14961,46191,1369342120,0
14961,41624,1369342120,-1
14961,46289,1369342120,1
14961,43834,1369342120,1
14961,41603,1369342120,0
14961,39602,1369342120,1
14961,37880,1369342120,0
14963,45772,1369335958,-1
14963,41658,1369335958,-1
14963,46051,1369335958,0
14963,46119,1369335958,-1
14963,44296,1369335958,0
14963,40086,1369335958,0
14963,43974,1369335958,-1
14963,52266,1369335958,1
14963,51990,1369335958,1
14963,56828,1369335958,0
14963,39610,1369335958,0
14963,41628,1369335958,0
14963,46281,1369335958,1
14963,39216,1369335958,0
14963,58186,1369335958,0
14963,46245,1369335958,0
14963,58279,1369335958,0
14963,37863,1369335958,0
14963,46296,1369335958,1
14963,42943,1369335958,0
14968,43972,1369285950,1
14970,45761,1369274130,0
14970,45716,1369274130,0
14970,39610,1369274130,0
14970,39706,1369274130,0
14970,56839,1369274130,0
14970,45294,1369274130,0
14970,58318,1369274130,0
14970,39809,1369274130,0
14970,40304,1369274130,0
14970,57647,1369274130,0
14970,58382,1369274130,0
14970,40086,1369274130,0
14970,45168,1369274130,0
14970,42865,1369274130,0
14970,43981,1369274130,0
14970,46983,1369274130,0
14970,40269,1369274130,0
14970,42829,1369274130,0
14970,37796,1369274130,0
14970,52271,1369274130,0
14972,46271,1369270250,-1
14973,39454,1369264487,1
14975,42770,1369180541,0
14975,57994,1369180541,0
14975,57439,1369180541,1
14975,57439,1369258420,1
14975,46289,1369258420,0
14975,57444,1369258420,0
14975,42947,1369258420,1
14975,42787,1369258420,1
14978,56854,1369226831,1
14978,56859,1369226831,0
14978,56946,1369226831,0
14978,56888,1369226831,0
14978,56824,1369226831,0
14978,56828,1369226831,0
14978,56865,1369226831,0
14978,56863,1369226831,0
14978,56870,1369226831,0
14978,56856,1369226831,0
14978,56995,1369226831,1
14978,56808,1369226831,1
14978,56807,1369226831,0
14978,56886,1369226831,0
14978,56878,1369226831,0
14978,56810,1369226831,-1
14979,57424,1369225031,1
14980,45294,1369220206,1
14980,45304,1369220206,0
14982,39539,1369134565,0
14982,41231,1369134565,0
14982,41282,1369134565,0
14982,37727,1369134565,0
14982,45947,1369134565,0
14982,57351,1369134565,0
14982,46191,1369134565,0
14982,43974,1369134565,0
14982,58084,1369134565,0
14982,46296,1369134565,0
14982,58412,1369134565,0
14982,46723,1369134565,0
14982,58158,1369134565,0
14982,57936,1369134565,0
14982,41433,1369134565,0
14982,39627,1369134565,0
14982,39454,1369134565,0
14982,40179,1369134565,0
14982,39742,1369134565,0
14982,57647,1369134565,0
14983,45038,1369214388,1
14983,45074,1369214388,0
14983,45024,1369214388,-1
14984,58174,1369205490,0
14984,58106,1369205490,0
14984,58186,1369205490,0
14986,57997,1369188809,0
14986,57355,1369188809,0
